County,District_ISD,School_name,Grade_range,School_enroll_2023
DALLAS,A W BROWN LEADERSHIP ACADEMY,QUEST CAMPUS PRE-K THRU 8,EE-08,435
DALLAS,A W BROWN LEADERSHIP ACADEMY,GENESIS CAMPUS PRE-K THRU 5,PK-05,343
DALLAS,A+ ACADEMY,A+ ACADEMY EL,PK-06,897
DALLAS,A+ ACADEMY,A+ SECONDARY SCHOOL,07-12,752
HARRIS,A+ UNLIMITED POTENTIAL,A+ UNLIMITED POTENTIAL - UNIVERSITY,06-08,150
DALLAS,ACADEMY FOR ACADEMIC EXCELLENCE,DALLAS COUNTY JUVENILE JUSTICE,03-12,213
DALLAS,ACADEMY FOR ACADEMIC EXCELLENCE,DRC CAMPUS,09-11,5
DALLAS,ACADEMY FOR ACADEMIC EXCELLENCE,MEDLOCK YOUTH VILLAGE,07-12,87
DALLAS,ACADEMY FOR ACADEMIC EXCELLENCE,LETOT CAMPUS,07-12,38
HARRIS,ACADEMY OF ACCELERATED LEARNING INC,ACADEMY OF ACCELERATED LEARNING,EE-08,830
DALLAS,ACADEMY OF DALLAS,ACADEMY OF DALLAS,EE-08,354
HARRIS,ACCELERATED INTERMEDIATE ACADEMY,ACCELERATED INT CHARTER SCHOOL,07-08,27
HARRIS,ACCELERATED INTERMEDIATE ACADEMY,ACCELERATED INTERDISCIPLINARY ACAD,EE-06,165
DALLAS,ADVANTAGE ACADEMY,ADVANTAGE ACADEMY,PK-12,971
HARRIS,ALIEF MONTESSORI COMMUNITY SCHOOL,ALIEF MONTESSORI COMMUNITY SCHOOL,EE-08,384
GALVESTON,AMBASSADORS PREPARATORY ACADEMY,AMBASSADORS PREPARATORY ACADEMY,EE-08,162
HARRIS,AMIGOS POR VIDA-FRIENDS FOR LIFE PUB CHTR SCH,AMIGOS POR VIDA-FRIENDS FOR LIFE CHARTER SCHOOL,PK-05,484
HARRIS,AMIGOS POR VIDA-FRIENDS FOR LIFE PUB CHTR SCH,FRIENDS FOR LIFE MIDDLE,06-08,210
HARRIS,ARISTOI CLASSICAL ACADEMY,ARISTOI CLASSICAL UPPER SCHOOL,05-12,665
HARRIS,ARISTOI CLASSICAL ACADEMY,ARISTOI CLASSICAL ACADEMY-CYPRESS,KG-08,433
HARRIS,ARISTOI CLASSICAL ACADEMY,ARISTOI CLASSICAL ACADEMY,KG-04,437
TARRANT,ARLINGTON CLASSICS ACADEMY,ARLINGTON CLASSICS ACADEMY - MIDDLE,06-08,494
TARRANT,ARLINGTON CLASSICS ACADEMY,ARLINGTON CLASSICS ACADEMY - ARKANSAS CAMPUS,KG-02,479
TARRANT,ARLINGTON CLASSICS ACADEMY,ARLINGTON CLASSICS ACADEMY -INTERMEDIATE,03-05,521
BRAZOS,ARROW ACADEMY,ARROW ACADEMY - SAVE OUR STREETS CENTER,KG-06,132
HARRIS,ARROW ACADEMY,ARROW ACADEMY - HARVEST PREPARATORY ACADEMY,KG-06,171
HARRIS,ARROW ACADEMY,ARROW ACADEMY - CHAMPIONS ACADEMY,KG-05,66
FORT BEND,ARROW ACADEMY,ARROW ACADEMY - LIBERATION ACADEMY,KG-06,225
TRAVIS,AUSTIN ACHIEVE PUBLIC SCHOOLS,AUSTIN ACHIEVE MIDDLE,05-08,647
TRAVIS,AUSTIN ACHIEVE PUBLIC SCHOOLS,AUSTIN ACHIEVE H S,09-12,633
TRAVIS,AUSTIN ACHIEVE PUBLIC SCHOOLS,AUSTIN ACHIEVE NORTHEAST EL,PK-04,903
TRAVIS,AUSTIN ACHIEVE PUBLIC SCHOOLS,AUSTIN ACHIEVE FERGUSON,EE-08,76
TRAVIS,AUSTIN DISCOVERY SCHOOL,AUSTIN DISCOVERY SCH,KG-06,261
HARRIS,BAKERRIPLEY COMMUNITY SCHOOLS,RIPLEY HOUSE MIDDLE CAMPUS,06-08,168
HARRIS,BAKERRIPLEY COMMUNITY SCHOOLS,RIPLEY HOUSE CHARTER SCHOOL,PK-05,328
HARRIS,BAKERRIPLEY COMMUNITY SCHOOLS,NCI CHARTER SCHOOL WITHOUT WALLS,PK-02,897
HARRIS,BAKERRIPLEY COMMUNITY SCHOOLS,BAKER-RIPLEY CHARTER SCHOOL,PK-06,398
HARRIS,BAKERRIPLEY COMMUNITY SCHOOLS,NEW NEIGHBOR CAMPUS,PK,33
BEXAR,BASIS TEXAS,BASIS SAN ANTONIO- PRI NORTH CENTRAL CAMPUS,KG-05,735
BEXAR,BASIS TEXAS,BASIS SAN ANTONIO- SHAVANO CAMPUS,06-12,1038
BEXAR,BASIS TEXAS,BASIS SAN ANTONIO - JACK LEWIS JR CAMPUS,06-12,132
TRAVIS,BASIS TEXAS,BASIS AUSTIN,03-06,211
BEXAR,BASIS TEXAS,BASIS SAN ANTONIO PRI- MEDICAL CENTER CAMPUS,KG-05,771
TRAVIS,BASIS TEXAS,BASIS AUSTIN PRI,KG-02,201
WILLIAMSON,BASIS TEXAS,BASIS CEDAR PARK,06-12,279
BEXAR,BASIS TEXAS,BASIS SAN ANTONIO PRI - JACK LEWIS JR CAMPUS,KG-05,514
WILLIAMSON,BASIS TEXAS,BASIS CEDAR PARK PRI,KG-05,718
BEXAR,BASIS TEXAS,BASIS SAN ANTONIO PRI - NORTHEAST CAMPUS,KG-04,282
TARRANT,BASIS TEXAS,BASIS BENBROOK,KG-06,459
HARRIS,BEATRICE MAYES INSTITUTE CHARTER SCHOOL,BEATRICE MAYES INSTITUTE CHARTER SCHOOL,KG-08,458
HARRIS,BETA ACADEMY,BETA ACADEMY,06-12,502
HARRIS,BETA ACADEMY,BETA ACADEMY,EE-05,984
LUBBOCK,BETTY M CONDRA SCHOOL FOR EDUCATION INNOVATION,BETTY M CONDRA SCHOOL FOR EDUCATION INNOVATION,KG-05,174
BEXAR,BEXAR COUNTY ACADEMY,BEXAR COUNTY ACADEMY,EE-08,198
KERR,BIG SPRINGS CHARTER SCHOOL,HILL COUNTRY YOUTH RANCH,KG-12,80
REAL,BIG SPRINGS CHARTER SCHOOL,BIG SPRINGS CHARTER SCHOOL,KG-12,105
HARRIS,BLOOM ACADEMY CHARTER SCHOOL,BLOOM ACADEMY CHARTER SCHOOL,KG-05,400
JEFFERSON,BOB HOPE SCHOOL,BOB HOPE H S,09-12,551
JEFFERSON,BOB HOPE SCHOOL,BOB HOPE SCHOOL,06-08,443
HARRIS,BOB HOPE SCHOOL,BOB HOPE EL SCHOOL-BAYTOWN,EE-05,271
JEFFERSON,BOB HOPE SCHOOL,BOB HOPE SCHOOL - EL CAMPUS,PK-05,642
JEFFERSON,BOB HOPE SCHOOL,BOB HOPE SCHOOL BEAUMONT,PK-08,602
SOMERVELL,BRAZOS RIVER CHARTER SCHOOL,BRAZOS RIVER CHARTER SCHOOL,KG-12,66
BRAZOS,BRAZOS SCHOOL FOR INQUIRY & CREATIVITY,BRAZOS SCHOOL FOR INQUIRY AND CREATIVITY BRYAN/COL,PK-08,134
HARRIS,BRAZOS SCHOOL FOR INQUIRY & CREATIVITY,BRAZOS SCHOOL FOR INQUIRY AND CREATIVITY TIDWELL,PK-08,158
DENTON,BRIDGEWAY PREPARATORY ACADEMY,BRIDGEWAY PREPARATORY ACADEMY,EE-08,125
HIDALGO,BRILLANTE ACADEMY,BRILLANTE ACADEMY,EE-05,196
EL PASO,BURNHAM WOOD CHARTER SCHOOL DISTRICT,HOWARD BURNHAM EL,PK-05,316
EL PASO,BURNHAM WOOD CHARTER SCHOOL DISTRICT,DAVINCI SCHOOL FOR SCIENCE AND THE ARTS,06-12,965
EL PASO,BURNHAM WOOD CHARTER SCHOOL DISTRICT,THE LINGUISTIC ACAD OF EL PASO-CULTURAL DEMO SITE,PK-06,378
HARRIS,CALVIN NELMS CHARTER SCHOOLS,CALVIN NELMS H S,09-12,168
HARRIS,CALVIN NELMS CHARTER SCHOOLS,CALVIN NELMS MIDDLE,06-08,156
TRAVIS,CEDARS INTERNATIONAL ACADEMY,CEDARS ACADEMY NEXT GENERATION H S AT HIGHLAND,09-12,112
TRAVIS,CEDARS INTERNATIONAL ACADEMY,CEDARS INTERNATIONAL ACADEMY,PK-08,349
TRAVIS,CHAPARRAL STAR ACADEMY,CHAPARRAL STAR ACADEMY,KG-12,360
TARRANT,CHAPEL HILL ACADEMY,CHAPEL HILL ACADEMY,PK-08,535
DALLAS,CITYSCAPE SCHOOLS,BUCKNER PREPARATORY,EE-12,394
DALLAS,CITYSCAPE SCHOOLS,EAST GRAND PREPARATORY ACADEMY,PK-12,836
BEXAR,COMPASS ROSE PUBLIC SCHOOLS,COMPASS ROSE LEGACY,06-12,550
BEXAR,COMPASS ROSE PUBLIC SCHOOLS,COMPASS ROSE LEGACY EL,PK-05,326
BEXAR,COMPASS ROSE PUBLIC SCHOOLS,COMPASS ROSE INGENUITY,PK-12,736
TRAVIS,COMPASS ROSE PUBLIC SCHOOLS,COMPASS ROSE DESTINY,PK-12,655
BASTROP,COMPASS ROSE PUBLIC SCHOOLS,COMPASS ROSE HARVEST,PK-12,462
BEXAR,COMPASS ROSE PUBLIC SCHOOLS,COMPASS ROSE IMPACT,09-12,76
BEXAR,COMPASS ROSE PUBLIC SCHOOLS,COMPASS ROSE JOURNEY,PK-12,572
BEXAR,COMPASS ROSE PUBLIC SCHOOLS,COMPASS ROSE DREAM,PK-12,223
HARRIS,COMQUEST ACADEMY,COMQUEST ACADEMY,KG-12,51
NUECES,CORPUS CHRISTI MONTESSORI SCHOOL,CORPUS CHRISTI MONTESSORI SCHOOL,01-08,131
PARKER,CROSSTIMBERS ACADEMY,CROSSTIMBERS ACADEMY,05-12,135
SMITH,CUMBERLAND ACADEMY,CUMBERLAND H S,09-12,551
SMITH,CUMBERLAND ACADEMY,CUMBERLAND ACADEMY MIDDLE,06-08,369
SMITH,CUMBERLAND ACADEMY,CUMBERLAND ACADEMY LOWER EL,PK-02,432
SMITH,CUMBERLAND ACADEMY,CUMBERLAND ACADEMY UPPER EL,03-05,390
SMITH,CUMBERLAND ACADEMY,THE LEADERSHIP ACADEMY,KG-08,293
HAYS,DORAL ACADEMY OF TEXAS,DORAL ACADEMY OF TEXAS,PK-08,346
NUECES,DR M L GARZA-GONZALEZ CHARTER SCHOOL,DR M L GARZA-GONZALEZ CHARTER SCHOOL,PK-08,162
HARRIS,DRAW ACADEMY,DRAW ACADEMY,EE-08,677
TARRANT,EAST FORT WORTH MONTESSORI ACADEMY,EAST FORT WORTH MONTESSORI ACADEMY,EE-05,184
GREGG,EAST TEXAS CHARTER SCHOOLS,DAN CHADWICK CAMPUS,09-12,128
DALLAS,EDUCATION CENTER INTERNATIONAL ACADEMY,EDUCATION CENTER INTERNATIONAL ACADEMY 2,PK-06,127
DALLAS,EDUCATION CENTER INTERNATIONAL ACADEMY,EDUCATION CENTER INTERNATIONAL ACADEMY 1,PK-06,175
ROCKWALL,EDUCATION CENTER INTERNATIONAL ACADEMY,EDUCATION CENTER INTERNATIONAL ACADEMY 3,PK-06,136
JEFFERSON,EHRHART SCHOOL,EHRHART SCHOOL,PK-08,520
EL PASO,EL PASO ACADEMY,EL PASO ACADEMY,09-12,240
EL PASO,EL PASO ACADEMY,EL PASO ACADEMY WEST,09-12,141
EL PASO,EL PASO LEADERSHIP ACADEMY,EL PASO LEADERSHIP ACADEMY,06-08,185
EL PASO,EL PASO LEADERSHIP ACADEMY,EL PASO LEADERSHIP ACADEMY - MIDDLE EAST,06-08,239
EL PASO,EL PASO LEADERSHIP ACADEMY,EL PASO LEADERSHIP ACADEMY - H S EAST,09-12,371
BEXAR,ELEANOR KOLITZ HEBREW LANGUAGE ACADEMY,ELEANOR KOLITZ HEBREW LANGUAGE ACADEMY,KG-08,500
HARRIS,ELEVATE COLLEGIATE CHARTER SCHOOL,ELEVATE COLLEGIATE,PK-05,174
SAN PATRICIO,ERATH EXCELS ACADEMY INC,COASTAL HORIZONS ACADEMY,07-12,63
ERATH,ERATH EXCELS ACADEMY INC,HUSTON ACADEMY,07-12,50
BEXAR,ESSENCE PREPARATORY CHARTER SCHOOL,ESSENCE PREPARATORY CHARTER SCHOOL,PK-06,180
HARRIS,ETOILE ACADEMY CHARTER SCHOOL,ETOILE ACADEMY CHARTER SCHOOL,KG-01 05-08,590
HARRIS,ETOILE ACADEMY CHARTER SCHOOL,ETOILE ACADEMY CHARTER SCHOOL-BISSONNET,KG-01 05-06,216
DALLAS,EVOLUTION ACADEMY CHARTER SCHOOL,EVOLUTION ACADEMY CHARTER SCHOOL,09-12,241
JEFFERSON,EVOLUTION ACADEMY CHARTER SCHOOL,EVOLUTION ACADEMY BEAUMONT,09-12,221
HARRIS,EVOLUTION ACADEMY CHARTER SCHOOL,EVOLUTION ACADEMY HOUSTON,09-12,216
HARRIS,EXCEL ACADEMY,HARRIS COUNTY JUVENILE DETENTION CENTER,03-12,113
HARRIS,EXCEL ACADEMY,HARRIS COUNTY YOUTH VILLAGE,03-AE,37
HARRIS,EXCEL ACADEMY,LEADERSHIP ACADEMY,03-AE,35
HARRIS,EXCEL ACADEMY,EXCEL ACADEMY EDUCATION TRANSITION CENTER,03-12,49
HIDALGO,EXCELLENCE IN LEADERSHIP ACADEMY,EXCELLENCE IN LEADERSHIP ACADEMY,PK-12,220
DALLAS,FAITH FAMILY ACADEMY,OAK CLIFF FAITH FAMILY ACADEMY,PK-12,2468
ELLIS,FAITH FAMILY ACADEMY,FAITH FAMILY MASTER ACADEMY,PK-08,414
TARRANT,FORT WORTH ACADEMY OF FINE ARTS,FORT WORTH ACADEMY OF FINE ARTS EL,03-06,238
TARRANT,FORT WORTH ACADEMY OF FINE ARTS,FORT WORTH ACADEMY OF FINE ARTS,07-12,416
DALLAS,GATEWAY CHARTER ACADEMY,GATEWAY CHARTER ACADEMY,EE-05,390
DALLAS,GATEWAY CHARTER ACADEMY,GATEWAY CHARTER ACADEMY - MIDDLE - H S,06-12,216
BEXAR,GEORGE GERVIN ACADEMY,GEORGE GERVIN ACADEMY,PK-12,830
BEXAR,GEORGE GERVIN ACADEMY,RUTH JONES MCCLENDON MIDDLE,PK-12,49
HARRIS,GEORGE I SANCHEZ CHARTER,GEORGE I SANCHEZ CHARTER,EE-12,670
HARRIS,GEORGE I SANCHEZ CHARTER,GEORGE I SANCHEZ NORTH,EE-12,455
DALLAS,GOLDEN RULE CHARTER SCHOOL,GOLDEN RULE CHARTER SCHOOL,PK-12,532
DALLAS,GOLDEN RULE CHARTER SCHOOL,GOLDEN RULE,PK-08,101
DALLAS,GOLDEN RULE CHARTER SCHOOL,GOLDEN RULE SOUTHWEST,PK-12,199
DALLAS,GOLDEN RULE CHARTER SCHOOL,GOLDEN RULE GRAND PRAIRIE,PK-06,84
DALLAS,GOLDEN RULE CHARTER SCHOOL,GOLDEN RULE DESOTO,PK-12,467
DALLAS,GOLDEN RULE CHARTER SCHOOL,GOLDEN RULE SCHOOLS INC - WILMER,PK-08,14
WILLIAMSON,GOODWATER MONTESSORI SCHOOL,GOODWATER MONTESSORI SCHOOL,EE-08,396
BEXAR,GREAT HEARTS TEXAS,GREAT HEARTS MONTE VISTA NORTH,06-12,423
BEXAR,GREAT HEARTS TEXAS,GREAT HEARTS MONTE VISTA,KG-05,466
BEXAR,GREAT HEARTS TEXAS,GREAT HEARTS FOREST HEIGHTS,KG-10,1230
BEXAR,GREAT HEARTS TEXAS,GREAT HEARTS WESTERN HILLS,KG-10,1233
BEXAR,GREAT HEARTS TEXAS,GREAT HEARTS NORTHERN OAKS,KG-12,1466
BEXAR,GREAT HEARTS TEXAS,GREAT HEARTS LIVE OAK,KG-08,1067
DALLAS,GREAT HEARTS TEXAS,GREAT HEARTS IRVING,KG-05,775
TARRANT,GREAT HEARTS TEXAS,GREAT HEARTS LAKESIDE,KG-08,1119
BEXAR,GREAT HEARTS TEXAS,GREAT HEARTS INVICTUS,KG-08,784
BEXAR,GREAT HEARTS TEXAS,GREAT HEARTS ONLINE - TX,KG-08,817
DALLAS,GREAT HEARTS TEXAS,GREAT HEARTS IRVING UPPER,06-12,886
TARRANT,GREAT HEARTS TEXAS,GREAT HEARTS ARLINGTON,KG-09,969
TARRANT,GREAT HEARTS TEXAS,GREAT HEARTS PRAIRIE VIEW,KG-08,784
TRAVIS,HARMONY PUBLIC SCHOOLS - CENTRAL TEXAS,HARMONY SCIENCE ACADEMY - AUSTIN,PK-08,699
TRAVIS,HARMONY PUBLIC SCHOOLS - CENTRAL TEXAS,HARMONY SCHOOL OF SCIENCE - AUSTIN,PK-05,456
TRAVIS,HARMONY PUBLIC SCHOOLS - CENTRAL TEXAS,HARMONY SCIENCE ACADEMY-PFLUGERVILLE,06-12,795
WILLIAMSON,HARMONY PUBLIC SCHOOLS - CENTRAL TEXAS,HARMONY SCHOOL OF ENDEAVOR AUSTIN,PK-12,961
TRAVIS,HARMONY PUBLIC SCHOOLS - CENTRAL TEXAS,HARMONY SCHOOL OF INNOVATION - AUSTIN,PK-05,342
TRAVIS,HARMONY PUBLIC SCHOOLS - CENTRAL TEXAS,HARMONY SCIENCE ACADEMY - CEDAR PARK,PK-05,698
TRAVIS,HARMONY PUBLIC SCHOOLS - CENTRAL TEXAS,HARMONY SCHOOL OF EXCELLENCE - AUSTIN,06-12,558
HARRIS,HARMONY PUBLIC SCHOOLS - HOUSTON NORTH,HARMONY SCHOOL OF EXCELLENCE-HOUSTON,PK-12,1113
HARRIS,HARMONY PUBLIC SCHOOLS - HOUSTON NORTH,HARMONY SCHOOL OF ENDEAVOR-HOUSTON,KG-08,527
HARRIS,HARMONY PUBLIC SCHOOLS - HOUSTON NORTH,HARMONY SCHOOL OF ADVANCEMENT-HOUSTON,09-12,789
BRAZOS,HARMONY PUBLIC SCHOOLS - HOUSTON NORTH,HARMONY SCIENCE ACADEMY - BRYAN,PK-08,383
HARRIS,HARMONY PUBLIC SCHOOLS - HOUSTON NORTH,HARMONY SCHOOL OF TECHNOLOGY-HOUSTON,06-08,691
HARRIS,HARMONY PUBLIC SCHOOLS - HOUSTON NORTH,HARMONY SCHOOL OF ENRICHMENT - HOUSTON,KG-05,668
HARRIS,HARMONY PUBLIC SCHOOLS - HOUSTON NORTH,HARMONY SCHOOL OF DISCOVERY - HOUSTON,06-12,853
HARRIS,HARMONY PUBLIC SCHOOLS - HOUSTON NORTH,HARMONY SCHOOL OF ACHIEVEMENT - HOUSTON,KG-05,660
HARRIS,HARMONY PUBLIC SCHOOLS - HOUSTON NORTH,HARMONY SCIENCE ACADEMY - CYPRESS,KG-05,666
HARRIS,HARMONY PUBLIC SCHOOLS - HOUSTON SOUTH,HARMONY SCIENCE ACADEMY-HOUSTON,09-12,708
HARRIS,HARMONY PUBLIC SCHOOLS - HOUSTON SOUTH,HARMONY SCHOOL OF INNOVATION - HOUSTON,06-08,493
HARRIS,HARMONY PUBLIC SCHOOLS - HOUSTON SOUTH,HARMONY SCHOOL OF INGENUITY-HOUSTON,06-12,764
HARRIS,HARMONY PUBLIC SCHOOLS - HOUSTON SOUTH,HARMONY SCHOOL OF FINE ARTS AND TECHNOLOGY-HOUSTON,KG-08,749
HARRIS,HARMONY PUBLIC SCHOOLS - HOUSTON SOUTH,HARMONY SCHOOL OF EXPLORATION- HOUSTON,PK-05,693
HARRIS,HARMONY PUBLIC SCHOOLS - HOUSTON SOUTH,HARMONY VIRTUAL ACADEMY,KG-12,239
FORT BEND,HARMONY PUBLIC SCHOOLS - HOUSTON WEST,HARMONY SCHOOL OF INNOVATION-SUGAR LAND,KG-12,855
FORT BEND,HARMONY PUBLIC SCHOOLS - HOUSTON WEST,HARMONY SCIENCE ACADEMY-SUGAR LAND,KG-05,753
JEFFERSON,HARMONY PUBLIC SCHOOLS - HOUSTON WEST,HARMONY SCIENCE ACADEMY- BEAUMONT,KG-12,657
FORT BEND,HARMONY PUBLIC SCHOOLS - HOUSTON WEST,HARMONY SCIENCE ACADEMY-KATY,PK-12,1331
FORT BEND,HARMONY PUBLIC SCHOOLS - HOUSTON WEST,HARMONY SCHOOL OF INNOVATION - KATY,KG-12,788
FORT BEND,HARMONY PUBLIC SCHOOLS - HOUSTON WEST,HARMONY SCHOOL OF EXCELLENCE - SUGAR LAND,KG-08,1439
DALLAS,HARMONY PUBLIC SCHOOLS - NORTH TEXAS,HARMONY SCIENCE ACADEMY - GARLAND,PK-06,743
DENTON,HARMONY PUBLIC SCHOOLS - NORTH TEXAS,HARMONY SCHOOL OF INNOVATION - CARROLLTON,PK-05,435
MCLENNAN,HARMONY PUBLIC SCHOOLS - NORTH TEXAS,HARMONY SCIENCE ACAD (WACO),PK-05,566
DALLAS,HARMONY PUBLIC SCHOOLS - NORTH TEXAS,HARMONY SCHOOL OF INNOVATION - GARLAND,07-12,609
DALLAS,HARMONY PUBLIC SCHOOLS - NORTH TEXAS,HARMONY SCIENCE ACADEMY - DALLAS,KG-12,1068
DALLAS,HARMONY PUBLIC SCHOOLS - NORTH TEXAS,HARMONY SCIENCE ACADEMY - GRAND PRAIRIE,PK-08,496
TARRANT,HARMONY PUBLIC SCHOOLS - NORTH TEXAS,HARMONY SCIENCE ACADEMY- FORT WORTH,KG-05,637
TARRANT,HARMONY PUBLIC SCHOOLS - NORTH TEXAS,HARMONY SCIENCE ACADEMY - EULESS,06-12,620
COLLIN,HARMONY PUBLIC SCHOOLS - NORTH TEXAS,HARMONY SCHOOL OF INNOVATION - DALLAS,06-12,498
DALLAS,HARMONY PUBLIC SCHOOLS - NORTH TEXAS,HARMONY SCHOOL OF EXCELLENCE - DALLAS,KG-12,606
TARRANT,HARMONY PUBLIC SCHOOLS - NORTH TEXAS,HARMONY SCHOOL OF INNOVATION- EULESS,KG-05,688
DENTON,HARMONY PUBLIC SCHOOLS - NORTH TEXAS,HARMONY SCIENCE ACADEMY - CARROLLTON,06-12,545
TARRANT,HARMONY PUBLIC SCHOOLS - NORTH TEXAS,HARMONY SCHOOL OF INNOVATION - FORT WORTH,05-12,1041
COLLIN,HARMONY PUBLIC SCHOOLS - NORTH TEXAS,HARMONY SCIENCE ACADEMY - PLANO,PK-06,600
DALLAS,HARMONY PUBLIC SCHOOLS - NORTH TEXAS,HARMONY SCHOOL OF INNOVATION - GRAND PRAIRIE,PK-06,514
MCLENNAN,HARMONY PUBLIC SCHOOLS - NORTH TEXAS,HARMONY SCHOOL OF INNOVATION - WACO,06-12,606
BEXAR,HARMONY PUBLIC SCHOOLS - SOUTH TEXAS,HARMONY SCIENCE ACAD (SAN ANTONIO),06-12,565
CAMERON,HARMONY PUBLIC SCHOOLS - SOUTH TEXAS,HARMONY SCIENCE ACADEMY - BROWNSVILLE,EE-08,512
WEBB,HARMONY PUBLIC SCHOOLS - SOUTH TEXAS,HARMONY SCHOOL OF INNOVATION - LAREDO,EE-05,666
WEBB,HARMONY PUBLIC SCHOOLS - SOUTH TEXAS,HARMONY SCIENCE ACADEMY - LAREDO,06-08,668
BEXAR,HARMONY PUBLIC SCHOOLS - SOUTH TEXAS,HARMONY SCHOOL OF EXCELLENCE - SAN ANTONIO,EE-05,311
WEBB,HARMONY PUBLIC SCHOOLS - SOUTH TEXAS,HARMONY SCHOOL OF EXCELLENCE - LAREDO,09-12,679
CAMERON,HARMONY PUBLIC SCHOOLS - SOUTH TEXAS,HARMONY SCHOOL OF INNOVATION - BROWNSVILLE,06-12,555
BEXAR,HARMONY PUBLIC SCHOOLS - SOUTH TEXAS,HARMONY SCHOOL OF SCIENCE- SAN ANTONIO,PK-07,496
BEXAR,HARMONY PUBLIC SCHOOLS - SOUTH TEXAS,HARMONY SCHOOL OF INNOVATION - SAN ANTONIO,EE-08,403
EL PASO,HARMONY PUBLIC SCHOOLS - WEST TEXAS,HARMONY SCIENCE ACAD (EL PASO),06-12,1003
EL PASO,HARMONY PUBLIC SCHOOLS - WEST TEXAS,HARMONY SCHOOL OF EXCELLENCE - EL PASO,KG-05,660
EL PASO,HARMONY PUBLIC SCHOOLS - WEST TEXAS,HARMONY SCHOOL OF INNOVATION - EL PASO,PK-12,1361
ECTOR,HARMONY PUBLIC SCHOOLS - WEST TEXAS,HARMONY SCIENCE ACADEMY - ODESSA,KG-08,540
LUBBOCK,HARMONY PUBLIC SCHOOLS - WEST TEXAS,HARMONY SCIENCE ACADEMY - LUBBOCK,PK-08,610
EL PASO,HARMONY PUBLIC SCHOOLS - WEST TEXAS,HARMONY SCHOOL OF SCIENCE - EL PASO,PK-09,1123
BEXAR,HENRY FORD ACADEMY ALAMEDA SCHOOL FOR ART + DESIGN,HENRY FORD ACADEMY ALAMEDA SCHOOL FOR ART + DESIGN,09-12,75
BEXAR,HERITAGE ACADEMY,HERITAGE ACADEMY,07-08,28
BEXAR,HERITAGE ACADEMY,HERITAGE ACADEMY OF WINDCREST,PK-05,115
BEXAR,HERITAGE ACADEMY,HERITAGE ACADEMY OF SAN ANTONIO,KG-08,26
VAL VERDE,HERITAGE ACADEMY,HERITAGE ACADEMY OF DEL RIO,06-12,183
VAL VERDE,HERITAGE ACADEMY,HERITAGE ACADEMY OF DEL RIO MIDDLE,04-08,222
HIDALGO,HORIZON MONTESSORI PUBLIC SCHOOLS,HORIZON MONTESSORI II - STEM ACADEMY,PK-09,347
BRAZORIA,HORIZON MONTESSORI PUBLIC SCHOOLS,HORIZON MONTESSORI PEARLAND - STEM ACADEMY,PK-08,401
HIDALGO,HORIZON MONTESSORI PUBLIC SCHOOLS,HORIZON MONTESSORI - STEM ACADEMY,PK-09,342
CAMERON,HORIZON MONTESSORI PUBLIC SCHOOLS,HORIZON MONTESSORI III - STEM ACADEMY,PK-09,334
HARRIS,HOUSTON CLASSICAL CHARTER SCHOOL,HOUSTON CLASSICAL,PK-08,285
HARRIS,HOUSTON GATEWAY ACADEMY INC,HOUSTON GATEWAY ACADEMY - CORAL CAMPUS,PK-12,926
HARRIS,HOUSTON GATEWAY ACADEMY INC,HOUSTON GATEWAY ACADEMY,PK-12,645
HARRIS,HOUSTON GATEWAY ACADEMY INC,HOUSTON GATEWAY ACADEMY INC ELITE COLLEGE PREP,PK-12,586
HARRIS,HOUSTON HEIGHTS HIGH SCHOOL,HOUSTON HEIGHTS CHARTER SCHOOL,09-12,179
CAMERON,IDEA PUBLIC SCHOOLS,IDEA FRONTIER COLLEGE PREPARATORY,06-12,754
HIDALGO,IDEA PUBLIC SCHOOLS,IDEA QUEST COLLEGE PREPARATORY,06-12,678
CAMERON,IDEA PUBLIC SCHOOLS,IDEA COLLEGE PREPARATORY SAN BENITO,06-12,782
HIDALGO,IDEA PUBLIC SCHOOLS,IDEA COLLEGE PREPARATORY SAN JUAN,06-12,736
HIDALGO,IDEA PUBLIC SCHOOLS,IDEA COLLEGE PREPARATORY ALAMO,06-12,763
HIDALGO,IDEA PUBLIC SCHOOLS,IDEA COLLEGE PREP,06-12,785
HIDALGO,IDEA PUBLIC SCHOOLS,IDEA COLLEGE PREPARATORY MISSION,06-12,772
HIDALGO,IDEA PUBLIC SCHOOLS,IDEA COLLEGE PREP WESLACO,06-12,756
HIDALGO,IDEA PUBLIC SCHOOLS,IDEA EDINBURG COLLEGE PREPARATORY,06-12,779
HIDALGO,IDEA PUBLIC SCHOOLS,IDEA MCALLEN COLLEGE PREPARATORY,06-12,807
HIDALGO,IDEA PUBLIC SCHOOLS,IDEA COLLEGE PREPARATORY PHARR,06-12,863
HIDALGO,IDEA PUBLIC SCHOOLS,IDEA WESLACO PIKE COLLEGE PREPARATORY,06-12,749
CAMERON,IDEA PUBLIC SCHOOLS,IDEA RIVERVIEW COLLEGE PREPARATORY,06-12,800
CAMERON,IDEA PUBLIC SCHOOLS,IDEA BROWNSVILLE COLLEGE PREPARATORY,06-12,689
HIDALGO,IDEA PUBLIC SCHOOLS,IDEA NORTH MISSION COLLEGE PREPARATORY,06-12,735
STARR,IDEA PUBLIC SCHOOLS,IDEA RIO GRANDE CITY COLLEGE PREPARATORY,06-12,661
BEXAR,IDEA PUBLIC SCHOOLS,IDEA CARVER COLLEGE PREPARATORY,06-12,642
HIDALGO,IDEA PUBLIC SCHOOLS,IDEA ELSA COLLEGE PREPARATORY,06-08,632
HIDALGO,IDEA PUBLIC SCHOOLS,IDEA TOROS COLLEGE PREPARATORY,07-12,285
BEXAR,IDEA PUBLIC SCHOOLS,IDEA WALZEM COLLEGE PREPARATORY,06-12,748
BEXAR,IDEA PUBLIC SCHOOLS,IDEA SOUTH FLORES COLLEGE PREPARATORY,06-12,740
HIDALGO,IDEA PUBLIC SCHOOLS,IDEA TRES LAGOS COLLEGE PREPARATORY,06-12,644
BEXAR,IDEA PUBLIC SCHOOLS,IDEA MONTERREY PARK COLLEGE PREPARATORY,06-12,682
BEXAR,IDEA PUBLIC SCHOOLS,IDEA JUDSON COLLEGE PREPARATORY,06-12,749
BEXAR,IDEA PUBLIC SCHOOLS,IDEA EASTSIDE COLLEGE PREPARATORY,06-12,548
BEXAR,IDEA PUBLIC SCHOOLS,IDEA EWING HALSELL COLLEGE PREPARATORY,06-12,573
BEXAR,IDEA PUBLIC SCHOOLS,IDEA INGRAM HILLS COLLEGE PREPARATORY,06-09,502
BEXAR,IDEA PUBLIC SCHOOLS,IDEA BRACKENRIDGE COLLEGE PREPARATORY,06-12,659
BEXAR,IDEA PUBLIC SCHOOLS,IDEA MAYS COLLEGE PREPARATORY,06-12,748
BEXAR,IDEA PUBLIC SCHOOLS,IDEA NAJIM COLLEGE PREPARATORY,06-12,441
TRAVIS,IDEA PUBLIC SCHOOLS,IDEA MONTOPOLIS COLLEGE PREPARATORY,06-12,753
HAYS,IDEA PUBLIC SCHOOLS,IDEA KYLE COLLEGE PREPARATORY,06-09,630
EL PASO,IDEA PUBLIC SCHOOLS,IDEA RIO VISTA COLLEGE PREPARATORY,06-09,508
TRAVIS,IDEA PUBLIC SCHOOLS,IDEA PFLUGERVILLE COLLEGE PREPARATORY,06-09,583
EL PASO,IDEA PUBLIC SCHOOLS,IDEA EDGEMERE COLLEGE PREPARATORY,06-09,592
TRAVIS,IDEA PUBLIC SCHOOLS,IDEA BLUFF SPRINGS COLLEGE PREPARATORY,06-12,731
HIDALGO,IDEA PUBLIC SCHOOLS,IDEA OWASSA COLLEGE PREPARATORY,06-09,636
TRAVIS,IDEA PUBLIC SCHOOLS,IDEA RUNDBERG COLLEGE PREPARATORY,06-12,764
TARRANT,IDEA PUBLIC SCHOOLS,IDEA ACHIEVE COLLEGE PREPARATORY,06-09,465
TARRANT,IDEA PUBLIC SCHOOLS,IDEA RISE COLLEGE PREPARATORY,06-09,561
CAMERON,IDEA PUBLIC SCHOOLS,IDEA ROBINDALE COLLEGE PREPARATORY,06-09,571
TRAVIS,IDEA PUBLIC SCHOOLS,IDEA HEALTH PROFESSIONS COLLEGE PREPARATORY,06-09,298
HIDALGO,IDEA PUBLIC SCHOOLS,IDEA LOS ENCINOS COLLEGE PREPARATORY,06-09,640
EL PASO,IDEA PUBLIC SCHOOLS,IDEA MESA HILLS COLLEGE PREPARATORY,06-09,423
TRAVIS,IDEA PUBLIC SCHOOLS,IDEA PARMER PARK COLLEGE PREPARATORY,06-09,550
BEXAR,IDEA PUBLIC SCHOOLS,IDEA BURKE COLLEGE PREPARATORY,06-09,478
HARRIS,IDEA PUBLIC SCHOOLS,IDEA HARDY COLLEGE PREPARATORY,06-07,512
HARRIS,IDEA PUBLIC SCHOOLS,IDEA SPEARS COLLEGE PREPARATORY,06-07,521
CAMERON,IDEA PUBLIC SCHOOLS,IDEA SPORTS PARK COLLEGE PREPARATORY,09-11,408
CAMERON,IDEA PUBLIC SCHOOLS,IDEA HARLINGEN COLLEGE PREPARATORY,06-07,350
BEXAR,IDEA PUBLIC SCHOOLS,IDEA CONVERSE COLLEGE PREPARATORY,06-09,386
HIDALGO,IDEA PUBLIC SCHOOLS,IDEA PALMVIEW COLLEGE PREPARATORY,06-07,320
HIDALGO,IDEA PUBLIC SCHOOLS,IDEA QUEST ACADEMY,KG-05,671
CAMERON,IDEA PUBLIC SCHOOLS,IDEA FRONTIER ACADEMY,KG-05,688
BEXAR,IDEA PUBLIC SCHOOLS,IDEA HIDDEN MEADOW COLLEGE PREPARATORY,06-07,268
CAMERON,IDEA PUBLIC SCHOOLS,IDEA ACADEMY SAN BENITO,KG-05,693
HIDALGO,IDEA PUBLIC SCHOOLS,IDEA ACADEMY SAN JUAN,KG-05,717
HIDALGO,IDEA PUBLIC SCHOOLS,IDEA ACADEMY,KG-05,767
HIDALGO,IDEA PUBLIC SCHOOLS,IDEA ACADEMY MISSION,KG-05,684
HIDALGO,IDEA PUBLIC SCHOOLS,IDEA ACADEMY ALAMO,KG-05,704
HIDALGO,IDEA PUBLIC SCHOOLS,IDEA ACADEMY PHARR,KG-05,758
HIDALGO,IDEA PUBLIC SCHOOLS,IDEA ACADEMY WESLACO,KG-05,685
HIDALGO,IDEA PUBLIC SCHOOLS,IDEA EDINBURG ACADEMY,KG-05,722
HIDALGO,IDEA PUBLIC SCHOOLS,IDEA MCALLEN ACADEMY,KG-05,772
HIDALGO,IDEA PUBLIC SCHOOLS,IDEA WESLACO PIKE ACADEMY,KG-05,733
HIDALGO,IDEA PUBLIC SCHOOLS,IDEA NORTH MISSION ACADEMY,KG-05,806
CAMERON,IDEA PUBLIC SCHOOLS,IDEA RIVERVIEW ACADEMY,KG-05,738
CAMERON,IDEA PUBLIC SCHOOLS,IDEA BROWNSVILLE ACADEMY,KG-05,694
STARR,IDEA PUBLIC SCHOOLS,IDEA RIO GRANDE CITY ACADEMY,KG-05,733
BEXAR,IDEA PUBLIC SCHOOLS,IDEA CARVER ACADEMY,KG-05,528
HIDALGO,IDEA PUBLIC SCHOOLS,IDEA TRES LAGOS ACADEMY,KG-05,694
HIDALGO,IDEA PUBLIC SCHOOLS,IDEA ELSA ACADEMY,KG-05,722
BEXAR,IDEA PUBLIC SCHOOLS,IDEA MONTERREY PARK ACADEMY,KG-05,587
BEXAR,IDEA PUBLIC SCHOOLS,IDEA WALZEM ACADEMY,KG-05,643
BEXAR,IDEA PUBLIC SCHOOLS,IDEA SOUTH FLORES ACADEMY,KG-05,712
BEXAR,IDEA PUBLIC SCHOOLS,IDEA EASTSIDE ACADEMY,KG-05,427
BEXAR,IDEA PUBLIC SCHOOLS,IDEA JUDSON ACADEMY,KG-05,721
BEXAR,IDEA PUBLIC SCHOOLS,IDEA EWING HALSELL ACADEMY,KG-05,699
BEXAR,IDEA PUBLIC SCHOOLS,IDEA INGRAM HILLS ACADEMY,KG-05,665
BEXAR,IDEA PUBLIC SCHOOLS,IDEA BRACKENRIDGE ACADEMY,KG-05,657
BEXAR,IDEA PUBLIC SCHOOLS,IDEA MAYS ACADEMY,KG-05,693
BEXAR,IDEA PUBLIC SCHOOLS,IDEA NAJIM ACADEMY,KG-05,602
TRAVIS,IDEA PUBLIC SCHOOLS,IDEA MONTOPOLIS ACADEMY,KG-05,679
HAYS,IDEA PUBLIC SCHOOLS,IDEA KYLE ACADEMY,KG-05,674
TRAVIS,IDEA PUBLIC SCHOOLS,IDEA RUNDBERG ACADEMY,KG-05,682
EL PASO,IDEA PUBLIC SCHOOLS,IDEA RIO VISTA ACADEMY,KG-05,733
TRAVIS,IDEA PUBLIC SCHOOLS,IDEA PFLUGERVILLE ACADEMY,KG-05,660
TRAVIS,IDEA PUBLIC SCHOOLS,IDEA BLUFF SPRINGS ACADEMY,KG-05,597
EL PASO,IDEA PUBLIC SCHOOLS,IDEA EDGEMERE ACADEMY,KG-05,878
HIDALGO,IDEA PUBLIC SCHOOLS,IDEA OWASSA ACADEMY,KG-05,708
TARRANT,IDEA PUBLIC SCHOOLS,IDEA ACHIEVE ACADEMY,KG-05,634
TARRANT,IDEA PUBLIC SCHOOLS,IDEA RISE ACADEMY,KG-04,710
CAMERON,IDEA PUBLIC SCHOOLS,IDEA ROBINDALE ACADEMY,KG-05,701
EL PASO,IDEA PUBLIC SCHOOLS,IDEA MESA HILLS ACADEMY,KG-05,721
HIDALGO,IDEA PUBLIC SCHOOLS,IDEA LOS ENCINOS ACADEMY,KG-05,769
TRAVIS,IDEA PUBLIC SCHOOLS,IDEA HEALTH PROFESSIONS ACADEMY,KG-05,265
BEXAR,IDEA PUBLIC SCHOOLS,IDEA BURKE ACADEMY,KG-05,720
TRAVIS,IDEA PUBLIC SCHOOLS,IDEA PARMER PARK ACADEMY,KG-05,658
HARRIS,IDEA PUBLIC SCHOOLS,IDEA SPEARS ACADEMY,KG-05,750
HARRIS,IDEA PUBLIC SCHOOLS,IDEA HARDY ACADEMY,KG-05,713
CAMERON,IDEA PUBLIC SCHOOLS,IDEA SPORTS PARK ACADEMY,KG-05,592
BEXAR,IDEA PUBLIC SCHOOLS,IDEA CONVERSE ACADEMY,KG-05,655
CAMERON,IDEA PUBLIC SCHOOLS,IDEA HARLINGEN ACADEMY,KG-05,636
HIDALGO,IDEA PUBLIC SCHOOLS,IDEA PALMVIEW ACADEMY,KG-05,688
BEXAR,IDEA PUBLIC SCHOOLS,IDEA HIDDEN MEADOW ACADEMY,KG-05,540
EL PASO,IDEA PUBLIC SCHOOLS,IDEA HORIZON VISTA COLLEGE PREPARATORY,06-07,345
TARRANT,IDEA PUBLIC SCHOOLS,IDEA EDGECLIFF COLLEGE PREPARATORY,06-09,488
HIDALGO,IDEA PUBLIC SCHOOLS,IDEA LA JOYA COLLEGE PREPARATORY,06,243
BEXAR,IDEA PUBLIC SCHOOLS,IDEA AMBROSE AND FREDA ROBINSON COLLEGE PREPARATOR,06,127
TARRANT,IDEA PUBLIC SCHOOLS,IDEA SOUTHEAST COLLEGE PREPARATORY,06,365
EL PASO,IDEA PUBLIC SCHOOLS,IDEA MESQUITE HILLS COLLEGE PREPARATORY,06,295
TRAVIS,IDEA PUBLIC SCHOOLS,IDEA ROUND ROCK TECH COLLEGE PREPARATORY,06-07,433
ECTOR,IDEA PUBLIC SCHOOLS,IDEA YUKON COLLEGE PREPARATORY,06,376
HARRIS,IDEA PUBLIC SCHOOLS,IDEA LAKE HOUSTON COLLEGE PREPARATORY,06-08,389
EL PASO,IDEA PUBLIC SCHOOLS,IDEA HORIZON VISTA ACADEMY,KG-05,775
HIDALGO,IDEA PUBLIC SCHOOLS,IDEA LA JOYA ACADEMY,KG-05,548
TRAVIS,IDEA PUBLIC SCHOOLS,IDEA ROUND ROCK TECH ACADEMY,KG-05,714
TARRANT,IDEA PUBLIC SCHOOLS,IDEA EDGECLIFF ACADEMY,KG-05,721
BEXAR,IDEA PUBLIC SCHOOLS,IDEA AMBROSE AND FREDA ROBINSON ACADEMY,KG-05,434
EL PASO,IDEA PUBLIC SCHOOLS,IDEA MESQUITE HILLS ACADEMY,KG-05,590
TARRANT,IDEA PUBLIC SCHOOLS,IDEA SOUTHEAST ACADEMY,KG-05,626
ECTOR,IDEA PUBLIC SCHOOLS,IDEA YUKON ACADEMY,KG-05,717
HARRIS,IDEA PUBLIC SCHOOLS,IDEA LAKE HOUSTON ACADEMY,KG-05,705
COLLIN,IMAGINE INTERNATIONAL ACADEMY OF NORTH TEXAS,IMAGINE INTERNATIONAL ACADEMY OF NORTH TEXAS,KG-12,1437
COLLIN,IMAGINE LONE STAR INTERNATIONAL ACADEMY,IMAGINE LONE STAR INTERNATIONAL ACADEMY,KG-08,234
MILAM,INSPIRE ACADEMIES,ROCKDALE INSPIRE ACADEMY,04-12,61
BELL,INSPIRE ACADEMIES,BELL COUNTY INSPIRE ACADEMY,04-12,34
BEXAR,INSPIRE ACADEMIES,ANNE FRANK INSPIRE ACADEMY,KG-12,621
HAYS,INSPIRE ACADEMIES,HAYS INSPIRE ACADEMY,04-12,28
BEXAR,INSPIRE ACADEMIES,RISE INSPIRE ACADEMY,09-AE,23
GONZALES,INSPIRE ACADEMIES,LEGACY RANCH INSPIRE ACADEMY,KG-12,35
KENDALL,INSPIRE ACADEMIES,INNOVA JOY INSPIRE ACADEMY,06-12,9
DALLAS,INSPIRED VISION ACADEMY,INSPIRED VISION ACADEMY EL,PK-06,660
DALLAS,INSPIRED VISION ACADEMY,INSPIRED VISION ACADEMY SECONDARY,07-12,595
DALLAS,INTERNATIONAL LEADERSHIP OF TEXAS (ILTEXAS),ILTEXAS GARLAND MIDDLE,06-08,467
DALLAS,INTERNATIONAL LEADERSHIP OF TEXAS (ILTEXAS),ILTEXAS GARLAND EL,KG-05,941
DALLAS,INTERNATIONAL LEADERSHIP OF TEXAS (ILTEXAS),ILTEXAS GARLAND H S,09-12,600
TARRANT,INTERNATIONAL LEADERSHIP OF TEXAS (ILTEXAS),ILTEXAS ARLINGTON-GRAND PRAIRIE H S,09-12,757
TARRANT,INTERNATIONAL LEADERSHIP OF TEXAS (ILTEXAS),ILTEXAS ARLINGTON EL,KG-05,669
TARRANT,INTERNATIONAL LEADERSHIP OF TEXAS (ILTEXAS),ILTEXAS ARLINGTON MIDDLE,06-08,398
TARRANT,INTERNATIONAL LEADERSHIP OF TEXAS (ILTEXAS),ILTEXAS KELLER MIDDLE,06-08,435
TARRANT,INTERNATIONAL LEADERSHIP OF TEXAS (ILTEXAS),ILTEXAS KELLER EL,KG-05,949
TARRANT,INTERNATIONAL LEADERSHIP OF TEXAS (ILTEXAS),ILTEXAS NORTH RICHLAND HILLS EL,KG-05,766
TARRANT,INTERNATIONAL LEADERSHIP OF TEXAS (ILTEXAS),ILTEXAS GRAND PRAIRIE EL,KG-05,931
TARRANT,INTERNATIONAL LEADERSHIP OF TEXAS (ILTEXAS),ILTEXAS GRAND PRAIRIE MIDDLE,06-08,464
TARRANT,INTERNATIONAL LEADERSHIP OF TEXAS (ILTEXAS),ILTEXAS NORTH RICHLAND HILLS MIDDLE,06-08,391
TARRANT,INTERNATIONAL LEADERSHIP OF TEXAS (ILTEXAS),ILTEXAS KELLER SAGINAW H S,09-12,809
HARRIS,INTERNATIONAL LEADERSHIP OF TEXAS (ILTEXAS),ILTEXAS KATY MIDDLE,06-08,435
HARRIS,INTERNATIONAL LEADERSHIP OF TEXAS (ILTEXAS),ILTEXAS KATY EL,KG-05,939
HARRIS,INTERNATIONAL LEADERSHIP OF TEXAS (ILTEXAS),ILTEXAS WESTPARK MIDDLE,06-08,444
HARRIS,INTERNATIONAL LEADERSHIP OF TEXAS (ILTEXAS),ILTEXAS WESTPARK EL,KG-05,783
TARRANT,INTERNATIONAL LEADERSHIP OF TEXAS (ILTEXAS),ILTEXAS WOODHAVEN EL,EE-05,634
DALLAS,INTERNATIONAL LEADERSHIP OF TEXAS (ILTEXAS),ILTEXAS LANCASTER MIDDLE,06-08,383
DALLAS,INTERNATIONAL LEADERSHIP OF TEXAS (ILTEXAS),ILTEXAS LANCASTER EL,EE-05,717
TARRANT,INTERNATIONAL LEADERSHIP OF TEXAS (ILTEXAS),ILTEXAS WOODHAVEN MIDDLE,06-08,320
FORT BEND,INTERNATIONAL LEADERSHIP OF TEXAS (ILTEXAS),ILTEXAS KATY WESTPARK H S,09-12,855
TARRANT,INTERNATIONAL LEADERSHIP OF TEXAS (ILTEXAS),ILTEXAS SAGINAW EL,KG-05,906
TARRANT,INTERNATIONAL LEADERSHIP OF TEXAS (ILTEXAS),ILTEXAS SAGINAW MIDDLE,06-08,377
HARRIS,INTERNATIONAL LEADERSHIP OF TEXAS (ILTEXAS),ILTEXAS HOUSTON WINDMILL LAKES EL,EE-05,802
HARRIS,INTERNATIONAL LEADERSHIP OF TEXAS (ILTEXAS),ILTEXAS HOUSTON WINDMILL LAKES MIDDLE,06-08,450
HARRIS,INTERNATIONAL LEADERSHIP OF TEXAS (ILTEXAS),ILTEXAS HOUSTON OREM EL,KG-05,733
HARRIS,INTERNATIONAL LEADERSHIP OF TEXAS (ILTEXAS),ILTEXAS HOUSTON OREM MIDDLE,06-08,410
BRAZOS,INTERNATIONAL LEADERSHIP OF TEXAS (ILTEXAS),ILTEXAS COLLEGE STATION EL,KG-05,945
BRAZOS,INTERNATIONAL LEADERSHIP OF TEXAS (ILTEXAS),ILTEXAS COLLEGE STATION MIDDLE,06-09,415
HARRIS,INTERNATIONAL LEADERSHIP OF TEXAS (ILTEXAS),ILTEXAS HOUSTON WINDMILL LAKES OREM H S,09-12,727
DALLAS,INTERNATIONAL LEADERSHIP OF TEXAS (ILTEXAS),ILTEXAS LANCASTER DESOTO H S,09-12,167
BRAZOS,INTERNATIONAL LEADERSHIP OF TEXAS (ILTEXAS),ILTEXAS AGGIELAND H S,09-12,247
TARRANT,JEAN MASSIEU ACADEMY,JEAN MASSIEU ACADEMY,PK-12,194
BEXAR,JUBILEE ACADEMIES,JUBILEE SAN ANTONIO,PK-12,1054
BEXAR,JUBILEE ACADEMIES,JUBILEE HIGHLAND HILLS,PK-08,877
BEXAR,JUBILEE ACADEMIES,JUBILEE - LAKE VIEW UNIVERSITY PREP,PK-12,566
KLEBERG,JUBILEE ACADEMIES,JUBILEE KINGSVILLE,PK-09,365
TRAVIS,JUBILEE ACADEMIES,JUBILEE WELLS BRANCH,PK-12,429
CAMERON,JUBILEE ACADEMIES,JUBILEE LEADERSHIP ACADEMY,PK-08,590
CAMERON,JUBILEE ACADEMIES,JUBILEE BROWNSVILLE,PK-12,980
CAMERON,JUBILEE ACADEMIES,JUBILEE LIVING WAY,PK-05,385
BEXAR,JUBILEE ACADEMIES,JUBILEE WESTWOOD,PK-05,272
BEXAR,JUBILEE ACADEMIES,JUBILEE SCHOOL OF INNOVATION AND ARTS,06-08,78
CAMERON,JUBILEE ACADEMIES,JUBILEE HARLINGEN,PK-08,421
HAYS,KATHERINE ANNE PORTER SCHOOL,KATHERINE ANNE PORTER SCHOOL,07-12,123
DALLAS,KI CHARTER,KI CHARTER - DESOTO,01-12,26
HAYS,KI CHARTER,KI CHARTER ACADEMY,01-12,194
WILLIAMSON,KI CHARTER,KI CHARTER ACADEMY LIBERTY HILL,01-12,112
TARRANT,KI CHARTER,KI CHARTER - FORT WORTH,01-12,91
DENTON,KI CHARTER,KI CHARTER - DENTON,01-12,20
COLLIN,KI CHARTER,KI CHARTER - FARMERSVILLE,01-12,14
TRAVIS,KIPP TEXAS PUBLIC SCHOOLS,KIPP AUSTIN COLLEGIATE,09-12,823
HARRIS,KIPP TEXAS PUBLIC SCHOOLS,KIPP NORTHEAST COLLEGE PREPARATORY,09-12,579
HARRIS,KIPP TEXAS PUBLIC SCHOOLS,KIPP GENERATIONS COLLEGIATE,09-12,584
HARRIS,KIPP TEXAS PUBLIC SCHOOLS,KIPP HOUSTON H S,09-12,657
HARRIS,KIPP TEXAS PUBLIC SCHOOLS,KIPP SUNNYSIDE H S,09-12,605
BEXAR,KIPP TEXAS PUBLIC SCHOOLS,KIPP UNIVERSITY PREP H S,09-12,734
HARRIS,KIPP TEXAS PUBLIC SCHOOLS,KIPP EAST END H S,09-12,601
BEXAR,KIPP TEXAS PUBLIC SCHOOLS,KIPP SOMOS COLLEGIATE,06-12,630
TRAVIS,KIPP TEXAS PUBLIC SCHOOLS,KIPP AUSTIN COLLEGE PREP,05-08,465
TRAVIS,KIPP TEXAS PUBLIC SCHOOLS,KIPP AUSTIN ACADEMY OF ARTS & LETTERS,05-08,450
DALLAS,KIPP TEXAS PUBLIC SCHOOLS,KIPP OAK CLIFF ACADEMY,09-12,319
TRAVIS,KIPP TEXAS PUBLIC SCHOOLS,KIPP PASEO PREPARATORY SCHOOL,05-09,436
HARRIS,KIPP TEXAS PUBLIC SCHOOLS,KIPP 3D ACADEMY,05-08,494
TRAVIS,KIPP TEXAS PUBLIC SCHOOLS,KIPP AUSTIN BRAVE,09-12,581
HARRIS,KIPP TEXAS PUBLIC SCHOOLS,KIPP POLARIS ACADEMY FOR BOYS,05-08,348
HARRIS,KIPP TEXAS PUBLIC SCHOOLS,KIPP ACADEMY MIDDLE,05-08,480
HARRIS,KIPP TEXAS PUBLIC SCHOOLS,KIPP SHARPSTOWN COLLEGE PREP,06-10,650
HARRIS,KIPP TEXAS PUBLIC SCHOOLS,KIPP VOYAGE ACADEMY FOR GIRLS,05-08,354
HARRIS,KIPP TEXAS PUBLIC SCHOOLS,KIPP CONNECT PREPARATORY,06-12,927
HARRIS,KIPP TEXAS PUBLIC SCHOOLS,KIPP INTREPID PREPARATORY,05-08,488
HARRIS,KIPP TEXAS PUBLIC SCHOOLS,KIPP LIBERATION COLLEGE PREPARATORY,05-08,435
HARRIS,KIPP TEXAS PUBLIC SCHOOLS,KIPP PRIME COLLEGE PREPARATORY,05-08,452
HARRIS,KIPP TEXAS PUBLIC SCHOOLS,KIPP SPIRIT COLLEGE PREP,05-08,491
HARRIS,KIPP TEXAS PUBLIC SCHOOLS,KIPP NEXUS MIDDLE,05-08,468
FORT BEND,KIPP TEXAS PUBLIC SCHOOLS,KIPP ACADEMY WEST,06-09,395
FORT BEND,KIPP TEXAS PUBLIC SCHOOLS,KIPP JOURNEY COLLEGIATE SCHOOL,06-10,585
HARRIS,KIPP TEXAS PUBLIC SCHOOLS,KIPP MOSAIC ACADEMY SCHOOL,05-09,771
TRAVIS,KIPP TEXAS PUBLIC SCHOOLS,KIPP AUSTIN BEACON PREP,05-08,447
DALLAS,KIPP TEXAS PUBLIC SCHOOLS,KIPP TRUTH ACADEMY,05-08,441
DALLAS,KIPP TEXAS PUBLIC SCHOOLS,KIPP DESTINY MIDDLE,05-08,253
BEXAR,KIPP TEXAS PUBLIC SCHOOLS,KIPP ASPIRE ACADEMY,05-08,512
BEXAR,KIPP TEXAS PUBLIC SCHOOLS,KIPP CAMINO ACADEMY,05-08,461
TRAVIS,KIPP TEXAS PUBLIC SCHOOLS,KIPP ALEGRIA PRI,EE-04,633
DALLAS,KIPP TEXAS PUBLIC SCHOOLS,KIPP PLEASANT GROVE LEADERSHIP ACADEMY,06-11,642
BEXAR,KIPP TEXAS PUBLIC SCHOOLS,KIPP SOMOS PRI,PK-02,127
TRAVIS,KIPP TEXAS PUBLIC SCHOOLS,KIPP PASEO PRI,EE-04,547
TRAVIS,KIPP TEXAS PUBLIC SCHOOLS,KIPP AUSTIN COMUNIDAD,PK-04,532
HARRIS,KIPP TEXAS PUBLIC SCHOOLS,KIPP SHINE PREP,EE-04,869
HARRIS,KIPP TEXAS PUBLIC SCHOOLS,KIPP SHARP PREP,EE-05,1024
HARRIS,KIPP TEXAS PUBLIC SCHOOLS,KIPP DREAM PREP,EE-04,918
HARRIS,KIPP TEXAS PUBLIC SCHOOLS,KIPP LEGACY PREPARATORY,EE-04,950
HARRIS,KIPP TEXAS PUBLIC SCHOOLS,KIPP CONNECT HOUSTON PRI,EE-05,1017
HARRIS,KIPP TEXAS PUBLIC SCHOOLS,KIPP PEACE EL,EE-04,633
HARRIS,KIPP TEXAS PUBLIC SCHOOLS,KIPP EXPLORE ACADEMY,EE-04,852
HARRIS,KIPP TEXAS PUBLIC SCHOOLS,KIPP CLIMB ACADEMY,EE-04,826
HARRIS,KIPP TEXAS PUBLIC SCHOOLS,KIPP ZENITH ACADEMY,EE-04,858
HARRIS,KIPP TEXAS PUBLIC SCHOOLS,KIPP NEXUS PRI,EE-04,819
HARRIS,KIPP TEXAS PUBLIC SCHOOLS,KIPP MOSAIC PRI,EE-04,961
FORT BEND,KIPP TEXAS PUBLIC SCHOOLS,KIPP JOURNEY PRI,EE-05,1092
FORT BEND,KIPP TEXAS PUBLIC SCHOOLS,KIPP UNITY PRI,EE-05,1022
DALLAS,KIPP TEXAS PUBLIC SCHOOLS,KIPP TRUTH EL,PK-04,489
DALLAS,KIPP TEXAS PUBLIC SCHOOLS,KIPP DESTINY EL,PK-04,413
BEXAR,KIPP TEXAS PUBLIC SCHOOLS,KIPP UN MUNDO PRI,KG-04,504
BEXAR,KIPP TEXAS PUBLIC SCHOOLS,KIPP ESPERANZA PRI,KG-04,502
TRAVIS,KIPP TEXAS PUBLIC SCHOOLS,KIPP AUSTIN OBRAS,PK-04,389
DALLAS,KIPP TEXAS PUBLIC SCHOOLS,KIPP PLEASANT GROVE PRI,PK-05,576
DALLAS,LA ACADEMIA DE ESTRELLAS,LA ACADEMIA DE ESTRELLAS,EE-05,711
DALLAS,LA ACADEMIA DE ESTRELLAS,LA ACADEMIA DE ESTRELLAS MIDDLE,06-08,299
EL PASO,LA FE PREPARATORY SCHOOL,LA FE PREPARATORY SCHOOL,PK-08,193
HOOD,LAKE GRANBURY ACADEMY CHARTER SCHOOL,LAKE GRANBURY ACADEMY,06-12,41
DENTON,LEADERSHIP PREP SCHOOL,LEADERSHIP PREP SCHOOL,KG-04,498
DENTON,LEADERSHIP PREP SCHOOL,LEADERSHIP PREP SCHOOL SECONDARY,05-12,881
DALLAS,LEGACY PREPARATORY,LEGACY PREP CHARTER ACADEMY MESQUITE WEST CAMPUS,KG-12,1065
COLLIN,LEGACY PREPARATORY,LEGACY PREPARATORY CHARTER ACADEMY PLANO,KG-12,183
HARRIS,LEGACY SCHOOL OF SPORT SCIENCES,LEGACY SCHOOL OF SPORT SCIENCES,06-12,487
BEXAR,LEGACY TRADITIONAL SCHOOLS - TEXAS,LEGACY TRADITIONAL SCHOOL - ALAMO RANCH,EE-08,604
BEXAR,LEGACY TRADITIONAL SCHOOLS - TEXAS,LEGACY TRADITIONAL - BASSE PRI,PK-05,218
BEXAR,LEGACY TRADITIONAL SCHOOLS - TEXAS,LEGACY TRADITIONAL- BASSE SECONDARY,06-12,196
GUADALUPE,LEGACY TRADITIONAL SCHOOLS - TEXAS,LEGACY TRADITIONAL SCHOOL - CIBOLO,EE-08,736
DALLAS,LIFE SCHOOL,LIFE SCHOOL OAK CLIFF,KG-12,1478
ELLIS,LIFE SCHOOL,LIFE H S WAXAHACHIE,09-12,1102
ELLIS,LIFE SCHOOL,LIFE MIDDLE WAXAHACHIE,07-08,595
DALLAS,LIFE SCHOOL,LIFE SCHOOL MOUNTAIN CREEK,KG-08,348
DALLAS,LIFE SCHOOL,LIFE SCHOOL CEDAR HILL,KG-06,450
DALLAS,LIFE SCHOOL,LIFE SCHOOL LANCASTER,KG-06,480
ELLIS,LIFE SCHOOL,LIFE SCHOOL RED OAK,KG-06,1040
DALLAS,LIFE SCHOOL,LIFE SCHOOL CARROLLTON,KG-06,241
BEXAR,LIGHTHOUSE PUBLIC SCHOOLS,LIGHTHOUSE EL,EE-05,233
BEXAR,LIGHTHOUSE PUBLIC SCHOOLS,LIGHTHOUSE MIDDLE,06-08,67
BEXAR,LIGHTHOUSE PUBLIC SCHOOLS,LIGHTHOUSE HIGH,09-12,82
COOKE,LONE STAR SCHOOL DISTRICT,LONE STAR H S NORTH,06-12,140
MCLENNAN,LONE STAR SCHOOL DISTRICT,LONE STAR H S CENTRAL,06-12,169
BROWN,LONE STAR SCHOOL DISTRICT,LONE STAR H S WEST,06-12,88
HIDALGO,LONE STAR SCHOOL DISTRICT,LONE STAR H S SOUTH,06-12,160
DALLAS,MANARA ACADEMY,MANARA LEADERSHIP ACADEMY,07-12,115
DALLAS,MANARA ACADEMY,MANARA ACADEMY,PK-06,209
TARRANT,MANARA ACADEMY,MANARA STEM ACADEMY - ARLINGTON,PK-08,276
KENDALL,MEADOWLAND CHARTER DISTRICT,OAKS ACADEMY,KG-12,47
BEXAR,MEADOWLAND CHARTER DISTRICT,STEPPING STONES ACADEMY,01-12,6
WILLIAMSON,MERIDIAN WORLD SCHOOL LLC,MERIDIAN WORLD SCHOOL LLC,KG-12,1729
HARRIS,MEYERPARK CHARTER,MEYERPARK EL,EE-07,293
MIDLAND,MIDLAND ACADEMY CHARTER SCHOOL,MIDLAND ACADEMY CHARTER SCHOOL,PK-08,402
TRAVIS,MONTESSORI FOR ALL,MAGNOLIA MONTESSORI FOR ALL,EE-08,478
BEXAR,NEW FRONTIERS PUBLIC SCHOOLS INC,FRANK L MADLA EARLY COLLEGE H S,09-12,179
BEXAR,NEW FRONTIERS PUBLIC SCHOOLS INC,IMELDA DAVIS EARLY COLLEGE H S,09-12,18
BEXAR,NEW FRONTIERS PUBLIC SCHOOLS INC,GREG A GARCIA EARLY COLLEGE INT,06-08,120
DALLAS,NEWMAN INTERNATIONAL ACADEMY OF ARLINGTON,NEWMAN INTERNATIONAL AT CEDAR HILL,PK-12,982
TARRANT,NEWMAN INTERNATIONAL ACADEMY OF ARLINGTON,NEWMAN INTERNATIONAL ACADEMY OF ARLINGTON GIBBINS,07-12,477
TARRANT,NEWMAN INTERNATIONAL ACADEMY OF ARLINGTON,NEWMAN INTERNATIONAL ACADEMY OF ARLINGTON,PK-06,648
TARRANT,NEWMAN INTERNATIONAL ACADEMY OF ARLINGTON,NEWMAN INTERNATIONAL ACADEMY AT FORT WORTH,PK-06,218
TARRANT,NEWMAN INTERNATIONAL ACADEMY OF ARLINGTON,NEWMAN INTERNATIONAL ACADEMY WATAUGA,PK-06,131
TARRANT,NEWMAN INTERNATIONAL ACADEMY OF ARLINGTON,NEWMAN INTERNATIONAL ACADEMY OF MANSFIELD,KG-06,264
TARRANT,NEWMAN INTERNATIONAL ACADEMY OF ARLINGTON,NEWMAN INTERNATIONAL ACADEMY MANSFIELD EAST,PK-06,110
TARRANT,NEWMAN INTERNATIONAL ACADEMY OF ARLINGTON,NEWMAN INTERNATIONAL ACADEMY BETHLEHEM,EE-06,24
DENTON,NORTH TEXAS COLLEGIATE ACADEMY,NORTH TEXAS COLLEGIATE ACADEMY-SOUTH CAMPUS,PK-08,270
DENTON,NORTH TEXAS COLLEGIATE ACADEMY,NORTH TEXAS COLLEGIATE ACADEMY-EAST CAMPUS,PK-08,270
DENTON,NORTH TEXAS COLLEGIATE ACADEMY,NORTH TEXAS COLLEGIATE ACADEMY-NORTH CAMPUS,PK-08,224
DALLAS,NOVA ACADEMY,NOVA ACADEMY,PK-04,83
DALLAS,NOVA ACADEMY SOUTHEAST,NOVA ACADEMY CEDAR HILL,EE-06,84
DALLAS,NOVA ACADEMY SOUTHEAST,NOVA ACADEMY PRICHARD,PK-08,281
TRAVIS,NYOS CHARTER SCHOOL,NYOS LAMAR SECONDARY,06-12,786
TRAVIS,NYOS CHARTER SCHOOL,NYOS LAMAR EL,PK-05,941
HARRIS,ODYSSEY ACADEMY INC,ODYSSEY ACADEMY - BAY AREA,PK-12,718
GALVESTON,ODYSSEY ACADEMY INC,ODYSSEY ACADEMY - GALVESTON,PK-12,829
WILLIAMSON,ORENDA CHARTER SCHOOL,GATEWAY TECH H S,09-12,46
BELL,ORENDA CHARTER SCHOOL,NOLAN CREEK SCHOOL,KG-08,138
WILLIAMSON,ORENDA CHARTER SCHOOL,GATEWAY COLLEGE PREPARATORY SCHOOL,KG-12,1626
LLANO,ORENDA CHARTER SCHOOL,KINGSLAND SCHOOL,KG-12,113
PANOLA,PANOLA CHARTER SCHOOL,PANOLA CS,08-12,29
PANOLA,PANOLA CHARTER SCHOOL,PANOLA EARLY COLLEGE H S,08-12,47
HARRISON,PANOLA CHARTER SCHOOL,TEXAS EARLY COLLEGE H S,08-12,93
DALLAS,PEGASUS SCHOOL OF LIBERAL ARTS AND SCIENCES,PEGASUS CHARTER H S,KG-12,451
ANGELINA,PINEYWOODS COMMUNITY ACADEMY,PINEYWOODS COMMUNITY ACADEMY H S,09-12,262
ANGELINA,PINEYWOODS COMMUNITY ACADEMY,DR TERRY ROBBINS MIDDLE,06-08,255
ANGELINA,PINEYWOODS COMMUNITY ACADEMY,SARAH STRINDEN EL,PK-05,505
DALLAS,PIONEER TECHNOLOGY & ARTS ACADEMY,PIONEER TECHNOLOGY (PTAA) MESQUITE,KG-12,621
HUNT,PIONEER TECHNOLOGY & ARTS ACADEMY,PIONEER TECHNOLOGY (PTAA) GREENVILLE,KG-12,777
ROCKWALL,PIONEER TECHNOLOGY & ARTS ACADEMY,PIONEER TECHNOLOGY (PTAA) FATE,KG-12,373
DALLAS,PIONEER TECHNOLOGY & ARTS ACADEMY,PIONEER TECHNOLOGY (PTAA) MESQUITE EL,KG-05,280
ROCKWALL,PIONEER TECHNOLOGY & ARTS ACADEMY,PIONEER TECHNOLOGY (PTAA) ROYSE CITY EL,KG-05,255
DALLAS,PIONEER TECHNOLOGY & ARTS ACADEMY,PIONEER TECHNOLOGY AND ARTS ACADEMY NORTH DALLAS,KG-12,297
BEXAR,POR VIDA ACADEMY,POR VIDA ACADEMY CHARTER H S,09-12,128
NUECES,POR VIDA ACADEMY,POR VIDA ACADEMY CORPUS CHRISTI,09-12,77
BEXAR,POSITIVE SOLUTIONS CHARTER SCHOOL,POSITIVE SOLUTIONS CHARTER,09-12,81
BEXAR,PRELUDE PREPARATORY CHARTER SCHOOL,PRELUDE PREPARATORY CHARTER SCHOOL,PK-08,138
BROWN,PREMIER HIGH SCHOOLS,PREMIER H S OF COMANCHE/EARLY,06-12,66
CAMERON,PREMIER HIGH SCHOOLS,PREMIER H S OF BROWNSVILLE,09-12,116
HIDALGO,PREMIER HIGH SCHOOLS,PREMIER H S OF PALMVIEW,09-12,107
VAL VERDE,PREMIER HIGH SCHOOLS,PREMIER H S OF DEL RIO,09-12,65
TARRANT,PREMIER HIGH SCHOOLS,PREMIER H S OF FORT WORTH,09-12,111
LUBBOCK,PREMIER HIGH SCHOOLS,PREMIER H S OF LUBBOCK,09-12,170
WEBB,PREMIER HIGH SCHOOLS,PREMIER H S OF LAREDO,09-12,139
HIDALGO,PREMIER HIGH SCHOOLS,PREMIER H S OF WESLACO,09-12,146
TAYLOR,PREMIER HIGH SCHOOLS,PREMIER H S OF ABILENE,09-12,174
TRAVIS,PREMIER HIGH SCHOOLS,PREMIER HIGH SCHOOL-AUSTIN SOUTH CAMPUS,06-12,149
MIDLAND,PREMIER HIGH SCHOOLS,PREMIER H S OF MIDLAND,09-12,163
BEXAR,PREMIER HIGH SCHOOLS,PREMIER HIGH SCHOOL-SAN ANTONIO WINDCREST,09-12,75
HIDALGO,PREMIER HIGH SCHOOLS,PREMIER H S OF MISSION,09-12,162
SMITH,PREMIER HIGH SCHOOLS,PREMIER H S OF TYLER,09-12,40
TRAVIS,PREMIER HIGH SCHOOLS,PREMIER HIGH SCHOOL-AUSTIN WELLS BRANCH,09-12,110
HIDALGO,PREMIER HIGH SCHOOLS,PREMIER H S OF SAN JUAN,09-12,124
MCLENNAN,PREMIER HIGH SCHOOLS,PREMIER H S OF WACO,09-12,154
TARRANT,PREMIER HIGH SCHOOLS,PREMIER H S OF ARLINGTON,09-12,210
EL PASO,PREMIER HIGH SCHOOLS,PREMIER HIGH SCHOOL-EL PASO MESA,09-12,124
COMAL,PREMIER HIGH SCHOOLS,PREMIER H S OF NEW BRAUNFELS,09-12,82
WALKER,PREMIER HIGH SCHOOLS,PREMIER H S OF HUNTSVILLE,09-12,78
HOOD,PREMIER HIGH SCHOOLS,PREMIER H S OF GRANBURY,09-12,138
TARRANT,PREMIER HIGH SCHOOLS,PREMIER H S OF SOUTH IRVING,09-12,18
RANDALL,PREMIER HIGH SCHOOLS,PREMIER H S OF AMARILLO,09-12,242
DENTON,PREMIER HIGH SCHOOLS,PREMIER H S ONLINE,09-12,2677
TRAVIS,PREMIER HIGH SCHOOLS,PREMIER H S OF PFLUGERVILLE,09-12,97
EL PASO,PREMIER HIGH SCHOOLS,PREMIER HIGH SCHOOL-EL PASO EASTPOINTE,09-12,145
HIDALGO,PREMIER HIGH SCHOOLS,PREMIER HIGH SCHOOLS - EDINBURG CAREER & TECHNICAL,09-12,150
LIBERTY,PREMIER HIGH SCHOOLS,PREMIER H S OF DAYTON,09-12,87
BOWIE,PREMIER HIGH SCHOOLS,PREMIER H S OF TEXARKANA,09-12,129
BEXAR,PREMIER HIGH SCHOOLS,PREMIER HIGH SCHOOL-SAN ANTONIO INGRAM,09-12,112
TOM GREEN,PREMIER HIGH SCHOOLS,PREMIER H S - SAN ANGELO,09-12,172
ECTOR,PREMIER HIGH SCHOOLS,PREMIER H S ODESSA,09-12,61
BEXAR,PREMIER HIGH SCHOOLS,FOUNDATION SCHOOL OF AUTISM - SAN ANTONIO,EE-05,32
HARRIS,PREMIER HIGH SCHOOLS,PREMIER H S-HOUSTON (CHAMPIONS),09-12,131
COLLIN,PREMIER HIGH SCHOOLS,PREMIER H S-FOUNDATION SCHOOL OF AUTISM-PLANO,EE-01,12
RANDALL,PREMIER HIGH SCHOOLS,PREMIER HIGH SCHOOL-CANYON,09-12,44
HARRIS,PREMIER HIGH SCHOOLS,PREMIER H S - HOUSTON - HOBBY,09-12,97
NUECES,PREMIER HIGH SCHOOLS,PREMIER H S - CORPUS CHRISTI,09-12,124
LUBBOCK,PREMIER HIGH SCHOOLS,PREMIER H S - LUBBOCK (BRIERCROFT),09-12,107
WICHITA,PREMIER HIGH SCHOOLS,PREMIER H S - WICHITA FALLS,09-12,92
HARRIS,PREMIER HIGH SCHOOLS,PREMIER H S - HOUSTON (SHARPSTOWN),09-12,54
TARRANT,PREMIER HIGH SCHOOLS,PREMIER H S - FORT WORTH (SOUTHSIDE),09-12,134
TARRANT,PREMIER HIGH SCHOOLS,PREMIER H S - FORT WORTH (JACKSBORO),09-12,113
DALLAS,PREMIER HIGH SCHOOLS,PREMIER H S MESQUITE,09-12,37
GREGG,PREMIER HIGH SCHOOLS,PREMIER H S - LONGVIEW,09-12,39
HARRIS,PREMIER HIGH SCHOOLS,PREMIER H S - HOUSTON (GREENSPOINT),09-12,52
DALLAS,PREMIER HIGH SCHOOLS,PREMIER H S - DESOTO,09-12,77
BELL,PRIORITY CHARTER SCHOOLS,PRIORITY CHARTER SCHOOLS - KILLEEN,KG-04,19
CORYELL,PRIORITY CHARTER SCHOOLS,PRIORITY CHARTER SCHOOLS COPPERAS COVE,PK-12,246
BELL,PRIORITY CHARTER SCHOOLS,PRIORITY CHARTER SCHOOLS TEMPLE,PK-12,221
BEXAR,PROMESA ACADEMY CHARTER SCHOOL,PROMESA ACADEMY CHARTER SCHOOL,KG-05,421
VAN ZANDT,RANCH ACADEMY,RANCH ACADEMY,06-12,74
MCLENNAN,RAPOPORT ACADEMY PUBLIC SCHOOL,AUDRE AND BERNARD RAPOPORT ACADEMY,PK-04,399
MCLENNAN,RAPOPORT ACADEMY PUBLIC SCHOOL,QUINN CAMPUS PUBLIC MIDDLE,05-08,258
MCLENNAN,RAPOPORT ACADEMY PUBLIC SCHOOL,PAUL AND JANE MEYER PUBLIC H S,09-12,227
HARRIS,RAUL YZAGUIRRE SCHOOLS FOR SUCCESS,EARLY COLLEGE T-STEM ACADEMY,09-12,315
HARRIS,RAUL YZAGUIRRE SCHOOLS FOR SUCCESS,EARLY COLLEGE STEM ACADEMY,06-08,280
CAMERON,RAUL YZAGUIRRE SCHOOLS FOR SUCCESS,BRYSS ACADEMY,PK-08,542
HARRIS,RAUL YZAGUIRRE SCHOOLS FOR SUCCESS,PSTEM ACADEMY,PK-05,489
HARRIS,RAUL YZAGUIRRE SCHOOLS FOR SUCCESS,NORTH EAST STEM ACADEMY,06-08,114
HARRIS,RAUL YZAGUIRRE SCHOOLS FOR SUCCESS,RYSS STEM ACADEMY AT FIRST FRIENDS PASADENA,EE-02,68
WALKER,RAVEN SCHOOL,THOMAS BUZBEE VOCATIONAL SCHOOL,09-12,36
HARRIS,REVE PREPARATORY CHARTER SCHOOL,REVE PREPARATORY CHARTER SCHOOL,PK-08,218
BELL,RICHARD MILBURN ALTER HIGH SCHOOL (KILLEEN),RICHARD MILBURN ALTER H S (KILLEEN),09-12,122
LUBBOCK,RICHARD MILBURN ALTER HIGH SCHOOL (KILLEEN),RICHARD MILBURN ACADEMY LUBBOCK,09-12,134
ECTOR,RICHARD MILBURN ALTER HIGH SCHOOL (KILLEEN),RICHARD MILBURN ACADEMY ODESSA,09-12,348
HARRIS,RICHARD MILBURN ALTER HIGH SCHOOL (KILLEEN),RICHARD MILBURN ACADEMY HOUSTON (SUBURBAN),09-12,144
NUECES,RICHARD MILBURN ALTER HIGH SCHOOL (KILLEEN),RICHARD MILBURN ACADEMY CORPUS CHRISTI,09-12,210
TARRANT,RICHARD MILBURN ALTER HIGH SCHOOL (KILLEEN),RICHARD MILBURN ACADEMY FORT WORTH,09-12,117
RANDALL,RICHARD MILBURN ALTER HIGH SCHOOL (KILLEEN),RICHARD MILBURN ACADEMY AMARILLO,09-12,122
MIDLAND,RICHARD MILBURN ALTER HIGH SCHOOL (KILLEEN),RICHARD MILBURN ACADEMY MIDLAND,09-12,126
HARRIS,RICHARD MILBURN ALTER HIGH SCHOOL (KILLEEN),RICHARD MILBURN ACADEMY PASADENA,09-12,127
DALLAS,RICHLAND COLLEGIATE HIGH SCHOOL,RICHLAND COLLEGIATE H S OF MATH SCIENCE ENGINEERIN,11-12,275
LUBBOCK,RISE ACADEMY,RISE ACADEMY,PK-08,301
TARRANT,ROCKETSHIP PUBLIC SCHOOLS,ROCKETSHIP EXPLORE EL,PK-05,228
TARRANT,ROCKETSHIP PUBLIC SCHOOLS,ROCKETSHIP DENNIS DUNKINS EL,PK-05,417
BEXAR,ROYAL PUBLIC SCHOOLS,ROYAL ACADEMY OF EXCELLENCE,KG-12,345
HARRIS,SAM HOUSTON STATE UNIVERSITY CHARTER SCHOOL,SAM HOUSTON STATE UNIVERSITY CHARTER SCHOOL,KG-06,468
BEXAR,SAN ANTONIO PREPARATORY SCHOOLS,SAN ANTONIO PREPARATORY,05-12,139
BEXAR,SCHOOL OF SCIENCE AND TECHNOLOGY,SST ALAMO,PK-06,846
BEXAR,SCHOOL OF SCIENCE AND TECHNOLOGY,SST SA COLLEGE PREP H S,06-12,547
COMAL,SCHOOL OF SCIENCE AND TECHNOLOGY,SST SCHERTZ,PK-07,859
HARRIS,SCHOOL OF SCIENCE AND TECHNOLOGY,SST CHAMPIONS,PK-12,1493
HARRIS,SCHOOL OF SCIENCE AND TECHNOLOGY,SST SPRING,PK-08,833
HARRIS,SCHOOL OF SCIENCE AND TECHNOLOGY,SST THE WOODLANDS,PK-08,475
BEXAR,SCHOOL OF SCIENCE AND TECHNOLOGY DISCOVERY,SST DISCOVERY,PK-08,554
NUECES,SCHOOL OF SCIENCE AND TECHNOLOGY DISCOVERY,SST CORPUS CHRISTI,PK-12,2455
BEXAR,SCHOOL OF SCIENCE AND TECHNOLOGY DISCOVERY,SST NORTHWEST,PK-08,737
BEXAR,SCHOOL OF SCIENCE AND TECHNOLOGY DISCOVERY,SST HILL COUNTRY COLLEGE PREP H S,06-11,183
BEXAR,SCHOOL OF SCIENCE AND TECHNOLOGY DISCOVERY,SST HILL COUNTRY,06-11,609
HARRIS,SCHOOL OF SCIENCE AND TECHNOLOGY DISCOVERY,SST ADVANCEMENT,PK-08,630
FORT BEND,SCHOOL OF SCIENCE AND TECHNOLOGY DISCOVERY,SST SUGARLAND,PK-07,701
FORT BEND,SCHOOL OF SCIENCE AND TECHNOLOGY DISCOVERY,SST SUGAR LAND COLLEGE PREP H S,08-09,98
NUECES,SEASHORE CHARTER SCHOOLS,SEASHORE MIDDLE ACAD,05-08,166
NUECES,SEASHORE CHARTER SCHOOLS,SEASHORE LEARNING CENTER,KG-04,244
HARRIS,SER-NINOS CHARTER SCHOOL,SER-NINOS CHARTER MIDDLE,06-08,251
HARRIS,SER-NINOS CHARTER SCHOOL,SER-NINOS CHARTER EL,PK-05,526
HARRIS,SER-NINOS CHARTER SCHOOL,SER-NINOS CHARTER HIGH,09-12,102
HARRIS,SER-NINOS CHARTER SCHOOL,SER-NINOS CHARTER EL II,PK-05,275
BEXAR,SOMERSET ACADEMIES OF TEXAS,SOMERSET ACADEMY BROOKS,PK-12,1251
BEXAR,SOMERSET ACADEMIES OF TEXAS,SOMERSET ACADEMY LONE STAR,PK-07,173
BEXAR,SOMERSET ACADEMIES OF TEXAS,SOMERSET ACADEMY OAKS,PK-06,182
BEXAR,SOMERSET ACADEMIES OF TEXAS,SOMERSET ACADEMY COLLEGIATE,PK-12,1211
BEXAR,SOUTHWEST PREPARATORY SCHOOL,NORTHEAST EL CAMPUS,PK-05,53
BEXAR,SOUTHWEST PREPARATORY SCHOOL,SOUTHWEST PREPARATORY SCHOOL-NORTHWEST,06-12,136
BEXAR,SOUTHWEST PREPARATORY SCHOOL,SOUTHWEST PREPARATORY SOUTHEAST CAMPUS,PK-12,186
BEXAR,SOUTHWEST PREPARATORY SCHOOL,NORTHEAST CAMPUS,06-12,59
BEXAR,SOUTHWEST PREPARATORY SCHOOL,SOUTHWEST PREP NORTHWEST EL,PK-05,85
GUADALUPE,SOUTHWEST PREPARATORY SCHOOL,SEGUIN CAMPUS,PK-12,273
HARRIS,SOUTHWEST PUBLIC SCHOOLS,EMPOWERMENT H S,09-12,414
HARRIS,SOUTHWEST PUBLIC SCHOOLS,SOUTHWEST SCHOOLS BISSONNET EL CAMPUS,EE-05,455
HARRIS,SOUTHWEST PUBLIC SCHOOLS,DISCOVERY MIDDLE,06-08,249
HARRIS,SOUTHWEST PUBLIC SCHOOLS,PHOENIX SCHOOL AT SOUTHWEST SCHOOLS,EE-12,137
HARRIS,SOUTHWEST PUBLIC SCHOOLS,SOUTHWEST SCHOOLS MANGUM EL CAMPUS,EE-05,370
DALLAS,ST ANTHONY SCHOOL,ST ANTHONY SCHOOL,06-08,122
DALLAS,ST ANTHONY SCHOOL,ST ANTHONY ACADEMY,KG-05,208
BEE,ST MARY'S ACADEMY CHARTER SCHOOL,ST MARY'S ACADEMY CHARTER SCHOOL,KG-08,299
HARRIS,STEP CHARTER SCHOOL,STEP CHARTER EL,KG-08,292
HARRIS,STEP CHARTER SCHOOL,STEP CHARTER II,KG-08,306
NACOGDOCHES,STEPHEN F AUSTIN STATE UNIVERSITY CHARTER SCHOOL,STEPHEN F AUSTIN STATE UNIVERSITY CHARTER SCHOOL,KG-05,254
JEFFERSON,TEKOA ACADEMY OF ACCELERATED STUDIES STEM SCHOOL,TEKOA ACADEMY OF ACCELERATED STUDIES,09-12,58
JEFFERSON,TEKOA ACADEMY OF ACCELERATED STUDIES STEM SCHOOL,TEKOA ACADEMY OF ACCELERATED STUDIES,06-08,49
JEFFERSON,TEKOA ACADEMY OF ACCELERATED STUDIES STEM SCHOOL,TEKOA ACADEMY OF ACCELERATED STUDIES,PK-05,211
ORANGE,TEKOA ACADEMY OF ACCELERATED STUDIES STEM SCHOOL,TEKOA ACADEMY OF ACCELERATED STUDIES - ORANGE,PK-08,111
DALLAS,TEXANS CAN ACADEMIES,TEXANS CAN ACADEMY - CARROLLTON-FARMERS BRANCH,09-12,249
DALLAS,TEXANS CAN ACADEMIES,TEXANS CAN ACADEMY - PLEASANT GROVE,09-12,510
DALLAS,TEXANS CAN ACADEMIES,TEXANS CAN ACADEMY - OAK CLIFF,09-12,414
DALLAS,TEXANS CAN ACADEMIES,TEXANS CAN ACADEMY - DALLAS NORTH,09-12,260
DALLAS,TEXANS CAN ACADEMIES,TEXANS CAN ACADEMY - GRANT EAST,09-12,212
TRAVIS,TEXANS CAN ACADEMIES,TEXANS CAN ACADEMY - AUSTIN,09-12,195
HARRIS,TEXANS CAN ACADEMIES,TEXANS CAN ACADEMY - HOUSTON NORTH,09-12,252
TARRANT,TEXANS CAN ACADEMIES,TEXANS CAN ACADEMY - FORT WORTH WESTCREEK,09-12,240
BEXAR,TEXANS CAN ACADEMIES,TEXANS CAN ACADEMY - SAN ANTONIO,09-12,138
TARRANT,TEXANS CAN ACADEMIES,TEXANS CAN ACADEMY - FORT WORTH LANCASTER AVENUE,09-12,352
DALLAS,TEXANS CAN ACADEMIES,TEXANS CAN ACADEMY - GARLAND,09-12,130
HARRIS,TEXANS CAN ACADEMIES,TEXANS CAN ACADEMY - HOUSTON SOUTHWEST,09-12,345
RANDALL,TEXAS COLLEGE PREPARATORY ACADEMIES,AMARILLO COLLEGIATE ACADEMY,PK-12,475
DALLAS,TEXAS COLLEGE PREPARATORY ACADEMIES,COPPELL CLASSICAL ACADEMY,KG-05,381
DENTON,TEXAS COLLEGE PREPARATORY ACADEMIES,FOUNDERS CLASSICAL ACADEMY CORINTH - UPPER SCHOOL,07-12,477
DALLAS,TEXAS COLLEGE PREPARATORY ACADEMIES,FOUNDERS CLASSICAL ACADEMY- CARROLLTON,KG-12,534
DALLAS,TEXAS COLLEGE PREPARATORY ACADEMIES,IGNITE COMMUNITY SCHOOL - GARLAND,PK-08,297
DENTON,TEXAS COLLEGE PREPARATORY ACADEMIES,ISCHOOL VIRTUAL ACADEMY OF TEXAS,09-12,925
WALKER,TEXAS COLLEGE PREPARATORY ACADEMIES,IGNITE COMMUNITY SCHOOL - HUNTSVILLE,KG-08,403
MONTGOMERY,TEXAS COLLEGE PREPARATORY ACADEMIES,QUEST COLLEGIATE ACADEMY - SHENANDOAH,KG-08,386
DENTON,TEXAS COLLEGE PREPARATORY ACADEMIES,LEWISVILLE SCHOOL OF SCIENCE AND TECHNOLOGY UPPER,07-12,183
DENTON,TEXAS COLLEGE PREPARATORY ACADEMIES,FOUNDERS CLASSICAL ACADEMY - LEWISVILLE,PK-12,923
DALLAS,TEXAS COLLEGE PREPARATORY ACADEMIES,IGNITE COMMUNITY SCHOOL - MOUNTAIN CREEK,PK-08,167
HIDALGO,TEXAS COLLEGE PREPARATORY ACADEMIES,QUEST COLLEGIATE ACADEMY-MCALLEN,PK-06,84
DENTON,TEXAS COLLEGE PREPARATORY ACADEMIES,LEWISVILLE SCHOOL OF SCIENCE AND TECHNOLOGY LOWER,KG-06,108
HOUSTON,TEXAS COLLEGE PREPARATORY ACADEMIES,QUEST COLLEGIATE ACADEMY - CROCKETT,PK-08,103
SMITH,TEXAS COLLEGE PREPARATORY ACADEMIES,FOUNDERS CLASSICAL ACADEMY-TYLER,PK-12,544
HARRIS,TEXAS COLLEGE PREPARATORY ACADEMIES,IGNITE COMMUNITY SCHOOL - PASADENA,PK-08,220
JEFFERSON,TEXAS COLLEGE PREPARATORY ACADEMIES,IGNITE COMMUNITY SCHOOL - BEAUMONT,KG-06,198
HARRIS,TEXAS COLLEGE PREPARATORY ACADEMIES,ISCHOOL HIGH AT UNIVERSITY PARK,07-12,420
HARRIS,TEXAS COLLEGE PREPARATORY ACADEMIES,IGNITE COMMUNITY SCHOOL - HUMBLE,KG-05,188
MONTGOMERY,TEXAS COLLEGE PREPARATORY ACADEMIES,ISCHOOL HIGH AT THE WOODLANDS,09-12,292
TRAVIS,TEXAS COLLEGE PREPARATORY ACADEMIES,FOUNDERS CLASSICAL ACADEMY-AUSTIN NORTH,KG-08,144
WILLIAMSON,TEXAS COLLEGE PREPARATORY ACADEMIES,FOUNDERS CLASSICAL ACADEMY OF LEANDER,KG-12,683
DALLAS,TEXAS COLLEGE PREPARATORY ACADEMIES,FOUNDERS CLASSICAL ACADEMY OF MESQUITE,KG-12,511
GALVESTON,TEXAS COLLEGE PREPARATORY ACADEMIES,IGNITE COMMUNITY SCHOOL - MAINLAND,PK-08,337
HARRIS,TEXAS COLLEGE PREPARATORY ACADEMIES,IGNITE COMMUNITY SCHOOL - FALLBROOK,KG-09,285
DENTON,TEXAS COLLEGE PREPARATORY ACADEMIES,FOUNDERS CLASSICAL ACADEMY OF FLOWER MOUND,KG-12,994
DENTON,TEXAS COLLEGE PREPARATORY ACADEMIES,DENTON CLASSICAL ACADEMY,KG-05,198
DENTON,TEXAS COLLEGE PREPARATORY ACADEMIES,FOUNDERS CLASSICAL ACADEMY CORINTH,KG-06,537
BEXAR,TEXAS COLLEGE PREPARATORY ACADEMIES,FOUNDERS CLASSICAL ACADEMY OF SCHERTZ,KG-12,800
MIDLAND,TEXAS COLLEGE PREPARATORY ACADEMIES,CLASSICAL ACADEMY - PERMIAN BASIN,PK-08,258
HARRIS,TEXAS COLLEGE PREPARATORY ACADEMIES,EASTEX-JENSEN NEIGHBORHOOD SCHOOL,PK-08,209
HARRIS,TEXAS COLLEGE PREPARATORY ACADEMIES,WESTCHASE NEIGHBORHOOD SCHOOL,PK-08,458
COLLIN,TEXAS COLLEGE PREPARATORY ACADEMIES,FOUNDERS CLASSICAL ACADEMY - FRISCO,KG-12,1038
EL PASO,TEXAS COLLEGE PREPARATORY ACADEMIES,EL PASO CLASSICAL ACADEMY,PK-12,263
BASTROP,TEXAS COLLEGE PREPARATORY ACADEMIES,FOUNDERS CLASSICAL ACADEMY-BASTROP,KG-10,193
HARRIS,TEXAS COLLEGE PREPARATORY ACADEMIES,ISCHOOL HIGH - ATASCOCITA,08-12,127
TARRANT,TEXAS COLLEGE PREPARATORY ACADEMIES,IGNITE COMMUNITY SCHOOL-FORT WORTH,EE-08,363
MONTGOMERY,TEXAS COLLEGE PREPARATORY ACADEMIES,FOUNDERS CLASSICAL ACADEMY - CONROE,KG-08,703
GRAYSON,TEXAS COLLEGE PREPARATORY ACADEMIES,QUEST COLLEGIATE ACADEMY-WHITEWRIGHT,KG-12,113
COLLIN,TEXAS COLLEGE PREPARATORY ACADEMIES,FOUNDERS CLASSICAL ACADEMY OF PROSPER,KG-09,882
HARRIS,TEXAS COLLEGE PREPARATORY ACADEMIES,ISCHOOL-CREEKSIDE,09-12,116
TARRANT,TEXAS COLLEGE PREPARATORY ACADEMIES,FOUNDERS CLASSICAL ACADEMY - FORT WORTH,KG-08,12
HALE,TEXAS COLLEGE PREPARATORY ACADEMIES,PLAINVIEW CLASSICAL ACADEMY,KG-12,213
DENTON,TEXAS COLLEGE PREPARATORY ACADEMIES,FOUNDERS CLASSICAL ACADEMY-ONLINE,KG-12,173
TRAVIS,TEXAS EMPOWERMENT ACADEMY,TEXAS EMPOWERMENT ACADEMY,03-12,253
TRAVIS,TEXAS EMPOWERMENT ACADEMY,TEXAS EMPOWERMENT ACADEMY EL,PK-03,178
MIDLAND,TEXAS LEADERSHIP PUBLIC SCHOOLS,TEXAS LEADERSHIP OF MIDLAND,PK-12,830
TARRANT,TEXAS LEADERSHIP PUBLIC SCHOOLS,TRINITY LEADERSHIP,PK-12,924
TOM GREEN,TEXAS LEADERSHIP PUBLIC SCHOOLS,TEXAS LEADERSHIP OF SAN ANGELO,PK-12,1451
TAYLOR,TEXAS LEADERSHIP PUBLIC SCHOOLS,TEXAS LEADERSHIP OF ABILENE,PK-12,870
TRAVIS,TEXAS PREPARATORY SCHOOL,TEXAS PREPARATORY SCHOOL - AUSTIN CAMPUS,KG-06,37
HAYS,TEXAS PREPARATORY SCHOOL,TEXAS PREPARATORY SCHOOL,KG-06,61
TRAVIS,TEXAS SCH FOR THE BLIND & VISUALLY IMPAIRED,TEXAS SCHOOL FOR THE BLIND AND VISUALLY IMPAIRED,01-12,123
TRAVIS,TEXAS SCH FOR THE DEAF,TEXAS SCHOOL FOR THE DEAF,EE-12,487
TARRANT,TEXAS SCHOOL OF THE ARTS,TEXAS SCHOOL OF THE ARTS,KG-05,333
LUBBOCK,TEXAS TECH UNIVERSITY K-12,TEXAS TECH UNIVERSITY K-12,KG-12,724
RUSK,THE EXCEL CENTER (FOR ADULTS),BILLY MOORE,09-12,140
CALDWELL,THE EXCEL CENTER (FOR ADULTS),THE EXCEL CENTER FOR ADULTS - LOCKHART,09-12,193
CALDWELL,THE EXCEL CENTER (FOR ADULTS),THE EXCEL CENTER (FOR ADULTS),09-AE,506
TRAVIS,THE EXCEL CENTER (FOR ADULTS),THE EXCEL CENTER FOR ADULTS - SOUTH AUSTIN,09-12,109
TRAVIS,THE EXCEL CENTER (FOR ADULTS),DIBOLL,09-12,69
BEXAR,THE GATHERING PLACE,THE GATHERING PLACE,KG-05,618
HARRIS,THE LAWSON ACADEMY,THE LAWSON ACADEMY,EE-08,195
HARRIS,THE PRO-VISION ACADEMY,PRO-VISION MIDDLE,06-12,168
HARRIS,THE PRO-VISION ACADEMY,THE PRO-VISION ACADEMY,09-12,227
HARRIS,THE RHODES SCHOOL FOR PERFORMING ARTS,THE RHODES SCHOOL - HUMBLE,PK-08,370
HARRIS,THE RHODES SCHOOL FOR PERFORMING ARTS,THE RHODES SCHOOL - NORTHSHORE CAMPUS,PK-07,205
HARRIS,THE VARNETT PUBLIC SCHOOL,THE VARNETT SCHOOL - NORTHEAST,PK-08,369
HARRIS,THE VARNETT PUBLIC SCHOOL,VARNETT CHARTER SCHOOL,PK-08,501
HARRIS,THE VARNETT PUBLIC SCHOOL,THE VARNETT SCHOOL - EAST,PK-06,272
MONTGOMERY,THRIVE CENTER FOR SUCCESS,THRIVE CENTER FOR SUCCESS,KG-12,127
TARRANT,TREETOPS SCHOOL INTERNATIONAL,TREETOPS SCHOOL INTERNATIONAL,PK-12,358
DALLAS,TRINITY BASIN PREPARATORY,TRINITY BASIN PREPARATORY,PK-08,2017
TARRANT,TRINITY BASIN PREPARATORY,TRINITY BASIN PREPARATORY,PK-08,2031
DALLAS,TRINITY BASIN PREPARATORY,TRINITY BASIN PREPARATORY INC,EE-08,816
DALLAS,TRINITY BASIN PREPARATORY,TRINITY BASIN PREPARATORY - GRAND PRAIRIE,EE-08,228
TARRANT,TRINITY BASIN PREPARATORY,TRINITY BASIN PREPARATORY HPA SOUTH,EE-06,435
TARRANT,TRINITY BASIN PREPARATORY,TRINITY BASIN PREPARATORY HPA UPPER SCHOOL,06-12,634
TARRANT,TRINITY BASIN PREPARATORY,TRINITY BASIN PREPARATORY HPA WEST,EE-05,470
CALDWELL,TRINITY CHARTER SCHOOL,TRINITY CHARTER SCHOOLS - LOCKHART CAMPUS,03-12,129
COMAL,TRINITY CHARTER SCHOOL,TRINITY CHARTER SCHOOLS - CANYON LAKE CAMPUS,04-12,30
UPSHUR,TRINITY CHARTER SCHOOL,TRINITY CHARTER SCHOOLS - BIG SANDY CAMPUS,06-12,23
SMITH,TRINITY CHARTER SCHOOL,TRINITY CHARTER SCHOOLS - VIRTUAL RECLAIM ACADEMY,KG-12,96
WASHINGTON,TRINITY CHARTER SCHOOL,TRINITY CHARTER SCHOOL - BRENHAM CAMPUS,06-12,36
EL PASO,TRIUMPH PUBLIC HIGH SCHOOLS-EL PASO,TRIUMPH PUBLIC HIGH SCHOOLS-EL PASO WEST,09-12,104
EL PASO,TRIUMPH PUBLIC HIGH SCHOOLS-EL PASO,TRIUMPH PUBLIC HIGH SCHOOLS-EL PASO EAST,09-12,133
WEBB,TRIUMPH PUBLIC HIGH SCHOOLS-LAREDO,TRIUMPH PUBLIC HIGH SCHOOLS-LAREDO NORTH,09-12,148
WEBB,TRIUMPH PUBLIC HIGH SCHOOLS-LAREDO,TRIUMPH PUBLIC HIGH SCHOOLS-LAREDO SOUTH,09-12,110
LUBBOCK,TRIUMPH PUBLIC HIGH SCHOOLS-LUBBOCK,TRIUMPH PUBLIC HIGH SCHOOLS-LUBBOCK,09-12,171
CAMERON,TRIUMPH PUBLIC HIGH SCHOOLS-RIO GRANDE VALLEY,TRIUMPH PUBLIC HIGH SCHOOLS-BROWNSVILLE,09-12,118
HIDALGO,TRIUMPH PUBLIC HIGH SCHOOLS-RIO GRANDE VALLEY,TRIUMPH PUBLIC HIGH SCHOOLS-MCALLEN,09-12,139
HIDALGO,TRIUMPH PUBLIC HIGH SCHOOLS-RIO GRANDE VALLEY,TRIUMPH PUBLIC HIGH SCHOOLS-MERCEDES,09-12,101
CAMERON,TRIUMPH PUBLIC HIGH SCHOOLS-RIO GRANDE VALLEY,TRIUMPH PUBLIC HIGH SCHOOLS-SAN BENITO,09-12,107
DENTON,TRIVIUM ACADEMY,TRIVIUM ACADEMY,KG-12,661
HARRIS,TWO DIMENSIONS PREPARATORY ACADEMY,TWO DIMENSIONS PREPARATORY ACADEMY,PK-08,167
HARRIS,TWO DIMENSIONS PREPARATORY ACADEMY,TWO DIMENSIONS/VICKERY,PK-08,218
NAVARRO,TWO DIMENSIONS PREPARATORY ACADEMY,TWO DIMENSIONS AT CORSICANA,PK-08,50
DALLAS,UME PREPARATORY ACADEMY,UME PREPARATORY ACADEMY,KG-12,541
DALLAS,UME PREPARATORY ACADEMY,UME DALLAS SECONDARY,07-12,582
DALLAS,UME PREPARATORY ACADEMY,UME PREPARATORY ACADEMY - DUNCANVILLE,KG-06,253
TARRANT,UME PREPARATORY ACADEMY,UME MANSFIELD EL,KG-06,191
DALLAS,UNIVERSAL ACADEMY,UNIVERSAL ACADEMY,PK-12,619
DALLAS,UNIVERSAL ACADEMY,UNIVERSAL ACADEMY - COPPELL,PK-12,1349
DENTON,UNIVERSAL ACADEMY,UNIVERSAL ACADEMY-BARTONVILLE,KG-05,135
TRAVIS,UNIVERSITY OF TEXAS AT AUSTIN H S,UNIVERSITY OF TEXAS AT AUSTIN H S,09-12,788
TRAVIS,UNIVERSITY OF TEXAS ELEMENTARY CHARTER SCHOOL,UNIVERSITY OF TEXAS EL CHARTER SCHOOL,PK-05,292
HAYS,UNIVERSITY OF TEXAS UNIVERSITY CHARTER SCHOOL,PATHFINDER CAMP,KG-12,13
TRAVIS,UNIVERSITY OF TEXAS UNIVERSITY CHARTER SCHOOL,SETTLEMENT HOME,06-12,25
TRAVIS,UNIVERSITY OF TEXAS UNIVERSITY CHARTER SCHOOL,TNC CAMPUS (TEXAS NEUROREHABILITATION CENTER),KG-12,56
MCLENNAN,UNIVERSITY OF TEXAS UNIVERSITY CHARTER SCHOOL,METHODIST CHILDREN'S HOME,06-12,90
KERR,UNIVERSITY OF TEXAS UNIVERSITY CHARTER SCHOOL,PATHWAYS 3H CAMPUS,04-12,9
HAYS,UNIVERSITY OF TEXAS UNIVERSITY CHARTER SCHOOL,OLYMPIA HILLS,03-09,22
BEXAR,UNIVERSITY OF TEXAS UNIVERSITY CHARTER SCHOOL,LAUREL RIDGE,KG-12,39
TRAVIS,UNIVERSITY OF TEXAS UNIVERSITY CHARTER SCHOOL,HELPING HAND,KG-07,21
BEXAR,UNIVERSITY OF TEXAS UNIVERSITY CHARTER SCHOOL,UT - UNIVERSITY CHARTER SCHOOL AT HIGH POINT,KG-12,52
TRAVIS,UNIVERSITY OF TEXAS UNIVERSITY CHARTER SCHOOL,AUSTIN OAKS,KG-12,11
HARRIS,UNIVERSITY OF TEXAS UNIVERSITY CHARTER SCHOOL,UNLIMITED VISIONS AFTERCARE,06-12,14
WILLIAMSON,UNIVERSITY OF TEXAS UNIVERSITY CHARTER SCHOOL,GEORGETOWN BEHAVIORAL HEALTH INSTITUTE,06-12,12
COMAL,UNIVERSITY OF TEXAS UNIVERSITY CHARTER SCHOOL,SJRC TEXAS,KG-12,6
WALLER,UNIVERSITY OF TEXAS UNIVERSITY CHARTER SCHOOL,SAFE HAVEN,06-12,12
JOHNSON,UNIVERSITY OF TEXAS UNIVERSITY CHARTER SCHOOL,CLEARFORK ACADEMY SOUTH,06-12,25
BEXAR,UNIVERSITY OF TEXAS UNIVERSITY CHARTER SCHOOL,BOYSVILLE,06-12,12
TARRANT,UNIVERSITY OF TEXAS UNIVERSITY CHARTER SCHOOL,CLEARFORK ACADEMY,06-12,19
BELL,UNIVERSITY OF TEXAS UNIVERSITY CHARTER SCHOOL,CEDAR CREST,KG-12,71
DALLAS,UPLIFT EDUCATION,UPLIFT EDUCATION-NORTH HILLS PREP H S,09-12,513
DALLAS,UPLIFT EDUCATION,UPLIFT EDUCATION - UPLIFT GRAND PREPARATORY,PK-05,717
DALLAS,UPLIFT EDUCATION,UPLIFT WILLIAMS PREPARATORY H S,09-12,603
DALLAS,UPLIFT EDUCATION,UPLIFT HEIGHTS PREPARATORY H S,09-12,495
DALLAS,UPLIFT EDUCATION,UPLIFT LUNA PREPARATORY H S,09-12,442
TARRANT,UPLIFT EDUCATION,UPLIFT MIGHTY SCHOOL,PK-05,537
DALLAS,UPLIFT EDUCATION,UPLIFT GRAND SECONDARY,06-08,479
DALLAS,UPLIFT EDUCATION,UPLIFT ATLAS PREPARATORY - H S,09-12,499
TARRANT,UPLIFT EDUCATION,UPLIFT SUMMIT INTERNATIONAL H S,09-12,434
DALLAS,UPLIFT EDUCATION,UPLIFT LUNA SECONDARY SCHOOL,06-08,484
TARRANT,UPLIFT EDUCATION,UPLIFT MIGHTY H S,09-12,412
DALLAS,UPLIFT EDUCATION,UPLIFT INFINITY H S,09-12,349
DALLAS,UPLIFT EDUCATION,UPLIFT WISDOM SECONDARY,06-08,456
DALLAS,UPLIFT EDUCATION,UPLIFT GRAND H S,09-12,362
TARRANT,UPLIFT EDUCATION,UPLIFT ASCEND,PK-05,867
TARRANT,UPLIFT EDUCATION,UPLIFT ASCEND PREP H S,09-12,280
DALLAS,UPLIFT EDUCATION,WISDOM H S,09-12,369
DALLAS,UPLIFT EDUCATION,UPLIFT HAMPTON PREPARATORY H S,09-12,403
TARRANT,UPLIFT EDUCATION,UPLIFT ELEVATE PREPARATORY SCHOOL,PK-05,692
DALLAS,UPLIFT EDUCATION,UPLIFT EDUCATION-NORTH HILLS PREP MIDDLE,06-08,501
DALLAS,UPLIFT EDUCATION,UPLIFT WILLIAMS PREPARATORY MIDDLE,06-08,532
DALLAS,UPLIFT EDUCATION,UPLIFT HEIGHTS PREPARATORY MIDDLE,06-08,488
DALLAS,UPLIFT EDUCATION,UPLIFT EDUCATION - INFINITY PREPARATORY MIDDLE SCH,06-08,371
DALLAS,UPLIFT EDUCATION,UPLIFT ATLAS PREPARATORY - MIDDLE,06-08,442
TARRANT,UPLIFT EDUCATION,UPLIFT MIGHTY MIDDLE,06-08,562
TARRANT,UPLIFT EDUCATION,UPLIFT SUMMIT INTERNATIONAL MIDDLE,06-08,492
TARRANT,UPLIFT EDUCATION,UPLIFT ELEVATE PREPARATORY MIDDLE,06-10,281
DALLAS,UPLIFT EDUCATION,UPLIFT HAMPTON PREPARATORY MIDDLE,06-08,479
DALLAS,UPLIFT EDUCATION,UPLIFT EDUCATIION-NORTH HILLS PREP PRI,PK-05,599
TARRANT,UPLIFT EDUCATION,UPLIFT ASCEND MIDDLE,06-10,430
DALLAS,UPLIFT EDUCATION,UPLIFT GRADUS PREPARATORY,PK-05,535
DALLAS,UPLIFT EDUCATION,UPLIFT EDUCATION - INFINITY PREPARATORY PRI,PK-05,504
DALLAS,UPLIFT EDUCATION,UPLIFT HEIGHTS PREPARATORY PRI,PK-05,943
DALLAS,UPLIFT EDUCATION,UPLIFT PINNACLE PREPARATORY PRI,PK-05,408
DALLAS,UPLIFT EDUCATION,UPLIFT LUNA PREPARATORY PRI,PK-05,391
DALLAS,UPLIFT EDUCATION,UPLIFT ATLAS PREPARATORY - PRI,PK-05,706
TARRANT,UPLIFT EDUCATION,UPLIFT MERIDIAN SCHOOL,PK-08,455
DALLAS,UPLIFT EDUCATION,UPLIFT WILLIAMS PREPARATORY PRI,PK-05,598
DALLAS,UPLIFT EDUCATION,UPLIFT TRIUMPH PREPARATORY SCHOOL,PK-05,447
TARRANT,UPLIFT EDUCATION,UPLIFT SUMMIT INTERNATIONAL PRI,PK-05,689
TARRANT,UPLIFT EDUCATION,UPLIFT CRESCENDO PREPARATORY PRI,PK-05,514
DALLAS,UPLIFT EDUCATION,WISDOM PRI,PK-05,570
DALLAS,UPLIFT EDUCATION,UPLIFT HAMPTON PREPARATORY PRI,PK-05,662
DALLAS,UPLIFT EDUCATION,UPLIFT WHITE ROCK HILLS PREP,PK-05,666
SMITH,UT TYLER UNIVERSITY ACADEMY,UT TYLER UNIVERSITY ACADEMY AT TYLER,KG-12,392
ANDERSON,UT TYLER UNIVERSITY ACADEMY,UT TYLER UNIVERSITY ACADEMY AT PALESTINE,KG-12,233
GREGG,UT TYLER UNIVERSITY ACADEMY,UT TYLER UNIVERSITY ACADEMY AT LONGVIEW,KG-12,391
TRAVIS,VALERE PUBLIC SCHOOLS,THE EAST AUSTIN COLLEGE PREP AT SOUTHWEST KEY,EE-06,179
CAMERON,VALERE PUBLIC SCHOOLS,PROMESA COLLEGE PREP BROWNSVILLE,PK-07,193
NUECES,VALERE PUBLIC SCHOOLS,PROMESA COLLEGE PREP WEST CORPUS CHRISTI,PK-08,391
TRAVIS,VALERE PUBLIC SCHOOLS,THE EAST AUSTIN COLLEGE PREP AT MLK,07-12,200
TRAVIS,VALOR PUBLIC SCHOOLS,VALOR SOUTH AUSTIN,KG-12,827
TRAVIS,VALOR PUBLIC SCHOOLS,VALOR NORTH AUSTIN,KG-12,996
WILLIAMSON,VALOR PUBLIC SCHOOLS,VALOR LEANDER,KG-12,353
HAYS,VALOR PUBLIC SCHOOLS,VALOR KYLE,KG-12,765
BEXAR,VALOR PUBLIC SCHOOLS,VALOR SAN ANTONIO,KG-12,218
HIDALGO,VANGUARD ACADEMY,VANGUARD REMBRANDT,EE-12,1965
HIDALGO,VANGUARD ACADEMY,VANGUARD MOZART,EE-12,1209
HIDALGO,VANGUARD ACADEMY,VANGUARD PICASSO,EE-05,593
HIDALGO,VANGUARD ACADEMY,VANGUARD BEETHOVEN,EE-12,1714
HIDALGO,VANGUARD ACADEMY,VANGUARD VAN GOGH,EE-12,959
HIDALGO,VANGUARD ACADEMY,VANGUARD MONET,EE-12,160
DALLAS,VILLAGE TECH SCHOOLS,VILLAGE TECH SCHOOLS,PK-12,1322
EL PASO,VISTA DEL FUTURO CHARTER SCHOOL,VISTA DEL FUTURO CHARTER SCHOOL,PK-06,338
TRAVIS,WAYSIDE SCHOOLS,WAYSIDE ALTAMIRA ACADEMY,PK-05,344
TRAVIS,WAYSIDE SCHOOLS,WAYSIDE EDEN PARK ACADEMY,PK-05,271
TRAVIS,WAYSIDE SCHOOLS,WAYSIDE REAL LEARNING ACADEMY,PK-05,609
TRAVIS,WAYSIDE SCHOOLS,WAYSIDE SCI-TECH MIDDLE AND H S,06-12,535
TARRANT,WESTLAKE ACADEMY CHARTER SCHOOL,WESTLAKE ACADEMY,KG-12,888
DENTON,WINFREE ACADEMY CHARTER SCHOOLS,WINFREE ACADEMY CHARTER SCHOOL (LEWISVILLE),09-12,144
DALLAS,WINFREE ACADEMY CHARTER SCHOOLS,WINFREE ACADEMY CHARTER SCHOOL (RICHARDSON),09-12,151
DALLAS,WINFREE ACADEMY CHARTER SCHOOLS,WINFREE ACADEMY CHARTER SCHOOL (IRVING),09-12,165
DALLAS,WINFREE ACADEMY CHARTER SCHOOLS,WINFREE ACADEMY CHARTER SCHOOL DALLAS,09-12,219
TARRANT,WINFREE ACADEMY CHARTER SCHOOLS,WINFREE ACADEMY NORTH RICHLAND HILLS,09-12,251
TARRANT,WINFREE ACADEMY CHARTER SCHOOLS,WINFREE ACADEMY CHARTER SCHOOL - GRAND PRAIRIE,09-12,234
HARRIS,YELLOWSTONE COLLEGE PREPARATORY,YELLOWSTONE COLLEGE PREPARATORY,06-08,272
HARRIS,YES PREP PUBLIC SCHOOLS INC,YES PREP - SOUTHEAST,06-12,875
HARRIS,YES PREP PUBLIC SCHOOLS INC,YES PREP - SOUTHWEST,06-12,1036
HARRIS,YES PREP PUBLIC SCHOOLS INC,YES PREP - EAST END,06-12,994
HARRIS,YES PREP PUBLIC SCHOOLS INC,YES PREP - WEST,06-12,1000
HARRIS,YES PREP PUBLIC SCHOOLS INC,YES PREP - GULFTON,06-12,1045
HARRIS,YES PREP PUBLIC SCHOOLS INC,YES PREP - NORTHSIDE,06-12,948
HARRIS,YES PREP PUBLIC SCHOOLS INC,YES PREP - 5TH WARD,06-12,940
HARRIS,YES PREP PUBLIC SCHOOLS INC,YES PREP - BRAYS OAKS,06-12,1032
HARRIS,YES PREP PUBLIC SCHOOLS INC,YES PREP NORTH FOREST,06-12,1004
HARRIS,YES PREP PUBLIC SCHOOLS INC,YES PREP - NORTHWEST,06-12,575
HARRIS,YES PREP PUBLIC SCHOOLS INC,YES PREP - WHITE OAK,06-12,984
HARRIS,YES PREP PUBLIC SCHOOLS INC,YES PREP - NORTHLINE,06-12,985
HARRIS,YES PREP PUBLIC SCHOOLS INC,YES PREP - SOUTHSIDE,06-12,914
HARRIS,YES PREP PUBLIC SCHOOLS INC,YES PREP - HOBBY,06-12,576
HARRIS,YES PREP PUBLIC SCHOOLS INC,NORTH CENTRAL EL,EE-05,857
HARRIS,YES PREP PUBLIC SCHOOLS INC,NORTH FOREST EL,EE-05,646
HARRIS,YES PREP PUBLIC SCHOOLS INC,SOUTHEAST EL,EE-05,780
HARRIS,YES PREP PUBLIC SCHOOLS INC,YES PREP - NORTH CENTRAL,06-12,999
HARRIS,YES PREP PUBLIC SCHOOLS INC,YES PREP AIRLINE EL,EE-05,453
HARRIS,YES PREP PUBLIC SCHOOLS INC,YES PREP EAST END EL,EE-05,373
HARRIS,YES PREP PUBLIC SCHOOLS INC,SOUTHSIDE EL,EE-05,606
